brand,name,product_url,image_url,release_year,accords,top_notes,middle_notes,base_notes
Giorgio Armani,A Milano,https://www.fragrantica.com/perfume/Giorgio-Armani/A-Milano-69489.html,https://fimgs.net/mdimg/perfume-thumbs/375x500.69489.jpg,2021,citrus; aromatic; fresh; iris; fresh spicy; powdery; woody; lavender; musky,Citruses; Citron; elemi,Wild Lavender; Cypress,Orris Root; White Musk
Giorgio Armani,Acqua Di Gioia Eau Fraiche,https://www.fragrantica.com/perfume/Giorgio-Armani/Acqua-Di-Gioia-Eau-Fraiche-17566.html,https://fimgs.net/mdimg/perfume-thumbs/375x500.17566.jpg,2013,citrus; aquatic; fresh; sweet; white floral; green; aromatic,Lemon; Grapefruit; Mandarin Orange,Watery Notes; Water Jasmine; Tea; Ylang-Ylang,Brown sugar; Musk; Cedar
Giorgio Armani,Acqua Di Gioia Jasmine,https://www.fragrantica.com/perfume/Giorgio-Armani/Acqua-Di-Gioia-Jasmine-30621.html,https://fimgs.net/mdimg/perfume-thumbs/375x500.30621.jpg,2015,white floral; green; fruity; fresh; ozonic; sweet; aquatic; citrus; aromatic; musky,Green Apple; Violet Leaf; Lemon; Galbanum,Water Jasmine; Jasmine,Brown sugar; Musk; Cedar
Giorgio Armani,Acqua di Gio,https://www.fragrantica.com/perfume/Giorgio-Armani/Acqua-di-Gio-411.html,https://fimgs.net/mdimg/perfume-thumbs/375x500.411.jpg,1996,citrus; aromatic; marine; fresh spicy; floral; woody; fresh,Lime; Lemon; Bergamot; Jasmine; Orange; Mandarin Orange; Neroli,Sea Notes; Jasmine; Calone; Rosemary; Peach; Freesia; Hiacynth; Cyclamen; Violet; Coriander; Rose; Nutmeg; Mignonette,White Musk; Cedar; Oakmoss; Patchouli; Amber
Giorgio Armani,Acqua di Gio,https://www.fragrantica.com/perfume/Giorgio-Armani/Acqua-di-Gio-411.html,https://fimgs.net/mdimg/perfume-thumbs/375x500.411.jpg,1995,floral; fresh; white floral; green; rose; fruity; sweet; vodka; powdery; woody,Peony; Musk Vodka; Pineapple; Lemon; Peach; Banana Leaf; Violet,Lily-of-the-Valley; Hiacynth; Lily; Jasmine; Freesia; Calone; Ylang-Ylang; Rose,Musk; Cedar; Sandalwood; Amber; Styrax
Giorgio Armani,Acqua di Giò Absolu,https://www.fragrantica.com/perfume/Giorgio-Armani/Acqua-di-Gio-Absolu-48138.html,https://fimgs.net/mdimg/perfume-thumbs/375x500.48138.jpg,2018,aromatic; woody; citrus; fresh spicy; amber; marine; fruity; warm spicy; sweet; aquatic,Sea Notes; Bergamot; Pear; Apple; Grapefruit; Lemon,Lavender; Rosemary; Geranium,Woody Notes; Tonka Bean; Amberwood; Patchouli; Labdanum
Giorgio Armani,Acqua di Giò Absolu Instinct,https://www.fragrantica.com/perfume/Giorgio-Armani/Acqua-di-Gio-Absolu-Instinct-53764.html,https://fimgs.net/mdimg/perfume-thumbs/375x500.53764.jpg,2019,woody; citrus; marine; aromatic; amber; warm spicy; aquatic; patchouli,Sea Notes; Lemon; Bergamot,Seaweed; Patchouli,Amberwood; Ebony Wood
Giorgio Armani,Acqua di Gio - Acqua di Life Edition,https://www.fragrantica.com/perfume/Giorgio-Armani/Acqua-di-Gio-Acqua-di-Life-Edition-11755.html,https://fimgs.net/mdimg/perfume-thumbs/375x500.11755.jpg,2011,marine; aromatic; fresh spicy; citrus; amber; sweet; salty; green; woody; fruity,Sea water; Bergamot; Neroli,Persimmon; Watercress; Rosemary,Amber; French labdanum; Patchouli
Giorgio Armani,Acqua di Gio Blue Edition Pour Homme,https://www.fragrantica.com/perfume/Giorgio-Armani/Acqua-di-Gio-Blue-Edition-Pour-Homme-25615.html,https://fimgs.net/mdimg/perfume-thumbs/375x500.25615.jpg,2014,citrus; aquatic; fresh spicy; white floral; floral; fresh; amber; aromatic; sweet; woody,,,Water Notes; Calabrian bergamot; Jasmine; Mandarin Orange; Persimmon; Nasturtium; Patchouli; Rosemary; Labdanum; Neroli; Amber
Giorgio Armani,Acqua di Giò Eau de Parfum,https://www.fragrantica.com/perfume/Giorgio-Armani/Acqua-di-Gio-Eau-de-Parfum-71606.html,https://fimgs.net/mdimg/perfume-thumbs/375x500.71606.jpg,2022,aromatic; marine; mineral; citrus; fresh spicy; lavender; woody; salty,Sea Notes; Green Mandarin,Clary Sage; Lavender; Geranium,Mineral notes; Vetiver; Patchouli
Giorgio Armani,Acqua di Giò Eau de Parfum Intense,https://www.fragrantica.com/perfume/Giorgio-Armani/Acqua-di-Gio-Eau-de-Parfum-Intense-122311.html,https://fimgs.net/mdimg/perfume-thumbs/375x500.122311.jpg,2026,aromatic; fruity; woody; marine; citrus; fresh; fresh spicy; green; soft spicy; amber,Green Apple; Calabrian bergamot,Marine notes; Clary Sage,Woody Notes; Amber
Giorgio Armani,Acqua di Giò Elixir,https://www.fragrantica.com/perfume/Giorgio-Armani/Acqua-di-Gio-Elixir-101438.html,https://fimgs.net/mdimg/perfume-thumbs/375x500.101438.jpg,2025,aquatic; citrus; ozonic; woody; fresh spicy; leather; aromatic; patchouli; earthy; green,Bergamot; Green Mandarin; Nutmeg,Violet Leaf; Water Notes,Leather; Patchouli; Vetiver; Labdanum
Giorgio Armani,Acqua di Gio Essenza,https://www.fragrantica.com/perfume/Giorgio-Armani/Acqua-di-Gio-Essenza-14825.html,https://fimgs.net/mdimg/perfume-thumbs/375x500.14825.jpg,2012,fresh spicy; aromatic; citrus; fresh; aquatic; woody; floral; amber; herbal; green,Water Notes; Bergamot; Grapefruit; Calone,Basil; Floral Notes; Jasmine; Sage,Pepper; Cedar; Musk; Vetiver; Ambergris; Clary Sage; Amber; Patchouli
Giorgio Armani,Acqua di Giò Parfum,https://www.fragrantica.com/perfume/Giorgio-Armani/Acqua-di-Gio-Parfum-81508.html,https://fimgs.net/mdimg/perfume-thumbs/375x500.81508.jpg,2023,aromatic; fresh spicy; marine; woody; citrus; amber; patchouli; warm spicy,Marine notes; Bergamot,Rosemary; Clary Sage; Geranium,Olibanum; Patchouli
Giorgio Armani,Acqua di Giò Profondo,https://www.fragrantica.com/perfume/Giorgio-Armani/Acqua-di-Gio-Profondo-59532.html,https://fimgs.net/mdimg/perfume-thumbs/375x500.59532.jpg,2020,marine; aromatic; citrus; fresh spicy; fresh; woody; mineral; salty; lavender,Sea Notes; Aquozone; Bergamot; Green Mandarin,Rosemary; Lavender; Cypress; Mastic or Lentisque,Mineral notes; Musk; Patchouli; Amber
Giorgio Armani,Acqua di Giò Profondo Eau de Parfum (2024),https://www.fragrantica.com/perfume/Giorgio-Armani/Acqua-di-Gio-Profondo-Eau-de-Parfum-2024-105624.html,https://fimgs.net/mdimg/perfume-thumbs/375x500.105624.jpg,2024,aromatic; marine; citrus; mineral; woody; fresh spicy; salty; amber; lavender; aquatic,Sea Notes; Green Mandarin,Rosemary; Lavender,Mineral notes; Ambergris; Musk; Cedar; Patchouli
Giorgio Armani,Acqua di Giò Profondo Eau de Toilette,https://www.fragrantica.com/perfume/Giorgio-Armani/Acqua-di-Gio-Profondo-Eau-de-Toilette-106317.html,https://fimgs.net/mdimg/perfume-thumbs/375x500.106317.jpg,2025,citrus; fresh; woody; aromatic; mineral; ozonic; lavender; fresh spicy; warm spicy,Lemon; Grapefruit; Spices,Calone; Lavender; Cypress,Mineral notes; Woody Notes; Patchouli
Giorgio Armani,Acqua di Giò Profondo Lights,https://www.fragrantica.com/perfume/Giorgio-Armani/Acqua-di-Gio-Profondo-Lights-66265.html,https://fimgs.net/mdimg/perfume-thumbs/375x500.66265.jpg,2021,aromatic; woody; fresh spicy; marine; citrus,Sea Notes; Green Mandarin; Cardamom,Rosemary; Balsam Fir; Cypress; Mastic or Lentisque; Lavender Extract,Cedar; Vetiver; Patchouli
Giorgio Armani,Acqua di Giò Profondo Parfum,https://www.fragrantica.com/perfume/Giorgio-Armani/Acqua-di-Gio-Profondo-Parfum-90451.html,https://fimgs.net/mdimg/perfume-thumbs/375x500.90451.jpg,2024,marine; citrus; aromatic; patchouli; yellow floral; salty; amber; woody; aquatic; powdery,Marine notes; Green Mandarin,Mimosa,Patchouli; Labdanum
Giorgio Armani,Acqua di Giò Profumo,https://www.fragrantica.com/perfume/Giorgio-Armani/Acqua-di-Gio-Profumo-29727.html,https://fimgs.net/mdimg/perfume-thumbs/375x500.29727.jpg,2015,aromatic; marine; fresh spicy; amber; woody; smoky; warm spicy; citrus; balsamic; patchouli,Sea Notes; Bergamot,Rosemary; Sage; Geranium,Incense; Patchouli
Giorgio Armani,Acqua di Gio Profumo Special Blend,https://www.fragrantica.com/perfume/Giorgio-Armani/Acqua-di-Gio-Profumo-Special-Blend-46467.html,https://fimgs.net/mdimg/perfume-thumbs/375x500.46467.jpg,2017,aromatic; fresh spicy; marine; woody; patchouli; warm spicy; amber; balsamic; smoky; herbal,Sea Notes; Bergamot,Sage; Rosemary; Geranium,Patchouli; Incense
Giorgio Armani,Acqua di Gioia,https://www.fragrantica.com/perfume/Giorgio-Armani/Acqua-di-Gioia-8442.html,https://fimgs.net/mdimg/perfume-thumbs/375x500.8442.jpg,2010,citrus; aromatic; green; white floral; fresh spicy; woody; fresh,Amalfi Lemon; Mint,Water Jasmine,Virginia Cedar; Brown sugar; French labdanum
Giorgio Armani,Acqua di Gioia Eau de Parfum Satinee,https://www.fragrantica.com/perfume/Giorgio-Armani/Acqua-di-Gioia-Eau-de-Parfum-Satinee-14402.html,https://fimgs.net/mdimg/perfume-thumbs/375x500.14402.jpg,2012,fresh; green; citrus; aquatic; aromatic; white floral; floral; woody; fresh spicy,Mint; Mojito; Amalfi Lemon,Water Notes; Jasmine; Peony; Pink Pepper,Virginia Cedar; French labdanum
Giorgio Armani,Acqua di Gioia Eau de Toilette,https://www.fragrantica.com/perfume/Giorgio-Armani/Acqua-di-Gioia-Eau-de-Toilette-24452.html,https://fimgs.net/mdimg/perfume-thumbs/375x500.24452.jpg,2014,fresh; citrus; fruity; floral; aquatic; woody; white floral; ozonic; sweet; aromatic,Lemon; Pear; Violet Leaf; Black Currant,Peony; Jasmine Sambac; Jasmine,Cedar; Cashmere Wood
Giorgio Armani,Acqua di Gioia Essenza,https://www.fragrantica.com/perfume/Giorgio-Armani/Acqua-di-Gioia-Essenza-12402.html,https://fimgs.net/mdimg/perfume-thumbs/375x500.12402.jpg,2011,sweet; white floral; green; aromatic; woody; citrus; musky; vanilla; fresh spicy; powdery,Mint; Amalfi Lemon; Pink Pepper,Jasmine,Sugar; Cashmeran; Virginia Cedar
Giorgio Armani,Acqua di Gioia Hair & Body Mist,https://www.fragrantica.com/perfume/Giorgio-Armani/Acqua-di-Gioia-Hair-Body-Mist-50128.html,https://fimgs.net/mdimg/perfume-thumbs/375x500.50128.jpg,2018,floral; fresh; aromatic; green; woody; citrus; sweet; white floral; amber; rose,Mint; Lemon,Peony; Jasmine Sambac; Pink Pepper,Cedar; Brown sugar; Labdanum
Giorgio Armani,Acqua di Gioia Intense,https://www.fragrantica.com/perfume/Giorgio-Armani/Acqua-di-Gioia-Intense-90952.html,https://fimgs.net/mdimg/perfume-thumbs/375x500.90952.jpg,2024,citrus; fresh; fruity; white floral; musky; woody; rose; powdery; sweet; floral,Citruses; Red Fruits,Jasmine; Damask Rose,Musk; Woodsy Notes
Giorgio Armani,Air di Gioia,https://www.fragrantica.com/perfume/Giorgio-Armani/Air-di-Gioia-36599.html,https://fimgs.net/mdimg/perfume-thumbs/375x500.36599.jpg,2016,woody; floral; fresh; citrus; salty; white floral; aromatic; earthy; mossy; fresh spicy,Salt; Neroli; Mandarin Orange,Peony; Orange Blossom; Ylang-Ylang,Cypress; Moss; Patchouli; Cashmere Wood
Giorgio Armani,Ambre Eccentrico,https://www.fragrantica.com/perfume/Giorgio-Armani/Ambre-Eccentrico-31209.html,https://fimgs.net/mdimg/perfume-thumbs/375x500.31209.jpg,2015,amber; warm spicy; cinnamon; fruity; sweet; woody; vanilla; patchouli,,,Amber; Dried Fruits; Cinnamon; Tonka Bean; Patchouli; Prunol
Giorgio Armani,Ambre Soie,https://www.fragrantica.com/perfume/Giorgio-Armani/Ambre-Soie-405.html,https://fimgs.net/mdimg/perfume-thumbs/375x500.405.jpg,2004,warm spicy; amber; fresh spicy; patchouli; woody,,,Amber; Cloves; Patchouli; Pepper; Ginger
Giorgio Armani,Armani,https://www.fragrantica.com/perfume/Giorgio-Armani/Armani-827.html,https://fimgs.net/mdimg/perfume-thumbs/375x500.827.jpg,1981,green; aromatic; woody; balsamic; amber; mossy; floral; white floral; earthy; sweet,Galbanum; Marigold; Aldehydes; Bergamot; Pineapple; Mint,Narcissus; Orris Root; Tuberose; Rose; Jasmine; Cyclamen; Lily-of-the-Valley; Orchid,Oakmoss; Benzoin; Cedar; Amber; Sandalwood; Tonka Bean; Musk
Giorgio Armani,Armani Attitude,https://www.fragrantica.com/perfume/Giorgio-Armani/Armani-Attitude-1067.html,https://fimgs.net/mdimg/perfume-thumbs/375x500.1067.jpg,2007,warm spicy; woody; amber; patchouli; coffee; aromatic; lavender; citrus; balsamic; earthy,Coffee; Sicilian Lemon,Lavender; Cardamom,Patchouli; Amber; Opoponax; Chinese Cedar
Giorgio Armani,Armani Code,https://www.fragrantica.com/perfume/Giorgio-Armani/Armani-Code-412.html,https://fimgs.net/mdimg/perfume-thumbs/375x500.412.jpg,2004,citrus; leather; anis; soft spicy; floral; tobacco; sweet; aromatic; vanilla; animalic,Lemon; Bergamot,Star Anise; Olive Blossom; Guaiac Wood,Leather; Tonka Bean; Tobacco
Giorgio Armani,Armani Code A-List,https://www.fragrantica.com/perfume/Giorgio-Armani/Armani-Code-A-List-49501.html,https://fimgs.net/mdimg/perfume-thumbs/375x500.49501.jpg,2018,citrus; woody; aromatic; lavender; vanilla; sweet; amber; fresh spicy,Green Mandarin; Bergamot,Lavender,Tonka Bean; Guaiac Wood
Giorgio Armani,Armani Code Absolu,https://www.fragrantica.com/perfume/Giorgio-Armani/Armani-Code-Absolu-53106.html,https://fimgs.net/mdimg/perfume-thumbs/375x500.53106.jpg,2019,vanilla; powdery; sweet; fresh spicy; leather; amber; citrus; musky; woody,Green Mandarin; Apple,Nutmeg; Orange Blossom; Carrot Seeds,Vanilla; Tonka Bean; Suede; Woody Notes
Giorgio Armani,Armani Code Absolu Femme,https://www.fragrantica.com/perfume/Giorgio-Armani/Armani-Code-Absolu-Femme-54302.html,https://fimgs.net/mdimg/perfume-thumbs/375x500.54302.jpg,2019,white floral; vanilla; citrus; tuberose; sweet; powdery,Neroli; Ginger; Mandarin Orange,Tuberose; Orange Blossom; Jasmine,Vanilla; Tonka Bean; Sandalwood
Giorgio Armani,Armani Code Absolu Gold,https://www.fragrantica.com/perfume/Giorgio-Armani/Armani-Code-Absolu-Gold-59334.html,https://fimgs.net/mdimg/perfume-thumbs/375x500.59334.jpg,2020,amber; warm spicy; woody; vanilla; iris; powdery; citrus; fruity; violet; sweet,Mandarin Orange; Green Apple,Iris; Saffron,Tonka Bean; Benzoin; Guaiac Wood; Cedar
Giorgio Armani,Armani Code Cashmere,https://www.fragrantica.com/perfume/Giorgio-Armani/Armani-Code-Cashmere-42278.html,https://fimgs.net/mdimg/perfume-thumbs/375x500.42278.jpg,2017,almond; white floral; powdery; leather; nutty; floral; sweet; fruity; vanilla; smoky,Orange Blossom; Jasmine Sambac,Almond Milk; Heliotrope; Iris,Suede; Leather; Incense; Patchouli
Giorgio Armani,Armani Code Casino Limited Edition 2008,https://www.fragrantica.com/perfume/Giorgio-Armani/Armani-Code-Casino-Limited-Edition-2008-3051.html,https://fimgs.net/mdimg/perfume-thumbs/375x500.3051.jpg,2008,citrus; woody; aromatic; vanilla; fresh spicy; amber,Bergamot; Lemon,,Guaiac Wood; Tonka Bean
Giorgio Armani,Armani Code Colonia,https://www.fragrantica.com/perfume/Giorgio-Armani/Armani-Code-Colonia-42895.html,https://fimgs.net/mdimg/perfume-thumbs/375x500.42895.jpg,2017,citrus; amber; vanilla; aromatic; sweet; woody; white floral; powdery; soft spicy; warm spicy,Bergamot; Mandarin Orange; Pink Pepper,Orange Blossom; Clary Sage; Amyl Salicylate,Tonka Bean; Amberwood; Heliotrope
Giorgio Armani,Armani Code Couture Edition,https://www.fragrantica.com/perfume/Giorgio-Armani/Armani-Code-Couture-Edition-17126.html,https://fimgs.net/mdimg/perfume-thumbs/375x500.17126.jpg,2012,citrus; sweet; floral; vanilla; fruity; white floral; fresh spicy; honey; leather; woody,Blood Orange; Petitgrain; Pear; Ginger; Bergamot,Orange Blossom; Mirabilis; Osmanthus,Honey; Leather; Vanilla; Tonka Bean; Cedar
Giorgio Armani,Armani Code Eau de Parfum (2024),https://www.fragrantica.com/perfume/Giorgio-Armani/Armani-Code-Eau-de-Parfum-2024-96540.html,https://fimgs.net/mdimg/perfume-thumbs/375x500.96540.jpg,2024,fresh spicy; vanilla; amber; citrus; sweet; aromatic; warm spicy,Green Mandarin,Nutmeg,Tonka Bean
Giorgio Armani,Armani Code Eau de Parfum,https://www.fragrantica.com/perfume/Giorgio-Armani/Armani-Code-Eau-de-Parfum-65581.html,https://fimgs.net/mdimg/perfume-thumbs/375x500.65581.jpg,2021,vanilla; citrus; aromatic; musky; powdery; lavender; sweet; leather; amber; fresh spicy,Lavender; Lemon; Bergamot,Tonka Bean,Vanilla; Suede; Musk; Cedar
Giorgio Armani,Armani Code Eau de Toilette,https://www.fragrantica.com/perfume/Giorgio-Armani/Armani-Code-Eau-de-Toilette-79263.html,https://fimgs.net/mdimg/perfume-thumbs/375x500.79263.jpg,2023,lavender; vanilla; aromatic; woody; citrus; amber; sweet; fresh spicy; warm spicy; herbal,Green Mandarin,Lavender,Tonka Bean; Cedar
Giorgio Armani,Armani Code Elixir,https://www.fragrantica.com/perfume/Giorgio-Armani/Armani-Code-Elixir-1738.html,https://fimgs.net/mdimg/perfume-thumbs/375x500.1738.jpg,2025,leather; animalic; vanilla; citrus; amber; alcohol; sweet; smoky; aromatic,Green Mandarin,Leather; Liquor,Tonka Bean
Giorgio Armani,Armani Code Elixir,https://www.fragrantica.com/perfume/Giorgio-Armani/Armani-Code-Elixir-1738.html,https://fimgs.net/mdimg/perfume-thumbs/375x500.1738.jpg,2007,,,,
Giorgio Armani,Armani Code Golden Edition,https://www.fragrantica.com/perfume/Giorgio-Armani/Armani-Code-Golden-Edition-21934.html,https://fimgs.net/mdimg/perfume-thumbs/375x500.21934.jpg,2013,citrus; leather; woody; aromatic; floral; sweet; tobacco; vanilla; animalic; smoky,Bergamot; Lemon,Olive Blossom; Guaiac Wood; Star Anise,Leather; Tonka Bean; Tobacco
Giorgio Armani,Armani Code Ice,https://www.fragrantica.com/perfume/Giorgio-Armani/Armani-Code-Ice-24601.html,https://fimgs.net/mdimg/perfume-thumbs/375x500.24601.jpg,2014,fresh spicy; aromatic; green; citrus; woody; lavender; fresh; herbal,Mint; Ginger; Lemon,Lavender; Geranium; Sage,Woody Notes; Guaiac Wood; Tonka Bean
Giorgio Armani,Armani Code Le Parfum,https://www.fragrantica.com/perfume/Giorgio-Armani/Armani-Code-Le-Parfum-4957.html,https://fimgs.net/mdimg/perfume-thumbs/375x500.4957.jpg,2008,fresh spicy; white floral; citrus; fresh; rose; fruity; sweet; floral; aquatic,,,Ginger; Jasmine; Rose; Orange; Pear
Giorgio Armani,Armani Code Luna,https://www.fragrantica.com/perfume/Giorgio-Armani/Armani-Code-Luna-14611.html,https://fimgs.net/mdimg/perfume-thumbs/375x500.14611.jpg,2012,citrus; vanilla; sweet; white floral; floral; fruity; aromatic; fresh; fresh spicy; powdery,Bitter Orange; Bergamot; Petitgrain; Pear,Orange Blossom; Osmanthus; Mirabilis,Vanilla; Tonka Bean; Leather; Cedar
Giorgio Armani,Armani Code Mirror Edition,https://www.fragrantica.com/perfume/Giorgio-Armani/Armani-Code-Mirror-Edition-5204.html,https://fimgs.net/mdimg/perfume-thumbs/375x500.5204.jpg,2008,citrus; white floral; sweet; vanilla; honey,Italian Orange; Bitter Orange; Jasmine,Jasmine; Orange Blossom,Vanilla; Honey
Giorgio Armani,Armani Code Parfum,https://www.fragrantica.com/perfume/Giorgio-Armani/Armani-Code-Parfum-75126.html,https://fimgs.net/mdimg/perfume-thumbs/375x500.75126.jpg,2022,iris; aromatic; powdery; woody; citrus; vanilla; earthy; aldehydic; violet; fresh spicy,Bergamot; Bergamot Leaf,Iris; Aldehydes; Clary Sage; Orris,Tonka Bean; Cedar
Giorgio Armani,Armani Code Profumo,https://www.fragrantica.com/perfume/Giorgio-Armani/Armani-Code-Profumo-34761.html,https://fimgs.net/mdimg/perfume-thumbs/375x500.34761.jpg,2016,amber; vanilla; warm spicy; aromatic; leather; fresh spicy; sweet; animalic; citrus; lavender,Cardamom; Green Apple; Green Mandarin,Nutmeg; Lavender; Orange Blossom,Tonka Bean; Amber; Leather
Giorgio Armani,Armani Code Satin,https://www.fragrantica.com/perfume/Giorgio-Armani/Armani-Code-Satin-31664.html,https://fimgs.net/mdimg/perfume-thumbs/375x500.31664.jpg,2015,sweet; white floral; vanilla; cacao; warm spicy; citrus; fresh spicy; fresh; fruity; patchouli,Ginger; Sorbet; Pear,Orange Blossom; Neroli; Jasmine,Vanilla; Cacao; Praline; Patchouli
Giorgio Armani,Armani Code Sheer,https://www.fragrantica.com/perfume/Giorgio-Armani/Armani-Code-Sheer-1046.html,https://fimgs.net/mdimg/perfume-thumbs/375x500.1046.jpg,2007,white floral; fresh; floral; musky; woody; citrus,African Orange Flower,Cyclamen; Jasmine; Lily-of-the-Valley,Musk; Woodsy Notes
Giorgio Armani,Armani Code Special Blend,https://www.fragrantica.com/perfume/Giorgio-Armani/Armani-Code-Special-Blend-31954.html,https://fimgs.net/mdimg/perfume-thumbs/375x500.31954.jpg,2015,citrus; woody; anis; aromatic; floral; soft spicy; sweet; tobacco; vanilla; powdery,Neroli; Mandarin Orange; Bergamot,Star Anise; Olive Blossom; Tarragon,Tonka Bean; Guaiac Wood; Tobacco; Cedar
Giorgio Armani,Armani Code Sport,https://www.fragrantica.com/perfume/Giorgio-Armani/Armani-Code-Sport-11649.html,https://fimgs.net/mdimg/perfume-thumbs/375x500.11649.jpg,2011,citrus; aromatic; green; fresh spicy; fresh; aquatic,Mint; Mandarin Orange,Lemon; Ginger flower,Water Notes; Vetiver; Amber
Giorgio Armani,Armani Code Sport Athlete,https://www.fragrantica.com/perfume/Giorgio-Armani/Armani-Code-Sport-Athlete-14936.html,https://fimgs.net/mdimg/perfume-thumbs/375x500.14936.jpg,2012,citrus; fresh spicy; fresh; aromatic; green; aquatic; woody; amber; smoky; earthy,,,Citruses; Ginger flower; Mint; Water Notes; Vetiver; Incense; Pink Pepper
Giorgio Armani,Armani Code Sport Edition 2016,https://www.fragrantica.com/perfume/Giorgio-Armani/Armani-Code-Sport-Edition-2016-39648.html,https://fimgs.net/mdimg/perfume-thumbs/375x500.39648.jpg,2016,aromatic; fresh spicy; citrus; green; amber; woody; fresh; musky,Mint; Peppermint; Sicilian Lemon; Mandarin Orange,Ginger; Geranium,Ambroxan; Rosemary; Vetiver; Labdanum
Giorgio Armani,Armani Code Summer Pour Femme 2010,https://www.fragrantica.com/perfume/Giorgio-Armani/Armani-Code-Summer-Pour-Femme-2010-7905.html,https://fimgs.net/mdimg/perfume-thumbs/375x500.7905.jpg,2010,citrus; white floral; fresh; fresh spicy; floral; fruity; sweet; vanilla; musky; woody,Bitter Orange; Neroli; Pear,Ginger; Jasmine; Cyclamen; African Orange Flower,Musk; Vanille; Woodsy Notes
Giorgio Armani,Armani Code Summer Pour Femme 2011,https://www.fragrantica.com/perfume/Giorgio-Armani/Armani-Code-Summer-Pour-Femme-2011-12358.html,https://fimgs.net/mdimg/perfume-thumbs/375x500.12358.jpg,2011,citrus; white floral; fresh; fruity; sweet; fresh spicy; floral; woody; musky; powdery,Bitter Orange; Neroli; Pear,African Orange Flower; Jasmine; Ginger; Cyclamen,Musk; Woodsy Notes; Vanille
Giorgio Armani,Armani Code Summer Pour Homme 2010,https://www.fragrantica.com/perfume/Giorgio-Armani/Armani-Code-Summer-Pour-Homme-2010-7906.html,https://fimgs.net/mdimg/perfume-thumbs/375x500.7906.jpg,2010,citrus; aromatic; floral; marine; fresh spicy; woody; rose; powdery; white floral,Neroli; Bergamot; Sea water; Grapefruit,Olive Blossom; Tincture of Rose; Tarragon; Virginia Cedar,Musk; Amber; Guaiac Wood
Giorgio Armani,Armani Code Summer Pour Homme 2011,https://www.fragrantica.com/perfume/Giorgio-Armani/Armani-Code-Summer-Pour-Homme-2011-12357.html,https://fimgs.net/mdimg/perfume-thumbs/375x500.12357.jpg,2011,citrus; woody; aromatic; green; fresh spicy; rose; herbal; amber; floral; marine,Grapefruit; Bergamot; Neroli; Sea water,Olive Leaf; Rose; Tarragon; Virginia Cedar,Amber; Musk; Guaiac Wood; oak moss
Giorgio Armani,Armani Code Summer pour Femme,https://www.fragrantica.com/perfume/Giorgio-Armani/Armani-Code-Summer-pour-Femme-5746.html,https://fimgs.net/mdimg/perfume-thumbs/375x500.5746.jpg,2009,white floral; citrus; fresh; aquatic; fresh spicy; sweet; floral; fruity; musky; woody,Water Notes; Bitter Orange; Neroli; Pear,African Orange Flower; Jasmine; Ginger; Cyclamen,Musk; Woodsy Notes; Vanilla
Giorgio Armani,Armani Code Summer pour Homme,https://www.fragrantica.com/perfume/Giorgio-Armani/Armani-Code-Summer-pour-Homme-5747.html,https://fimgs.net/mdimg/perfume-thumbs/375x500.5747.jpg,2009,citrus; woody; aromatic; fresh spicy; marine; powdery; amber; musky; rose,Grapefruit; Neroli; Sea water; Bergamot,Rose; Virginia Cedar; Tarragon,Guaiac Wood; Amber; Musk
Giorgio Armani,Armani Code Turquoise for Men,https://www.fragrantica.com/perfume/Giorgio-Armani/Armani-Code-Turquoise-for-Men-30324.html,https://fimgs.net/mdimg/perfume-thumbs/375x500.30324.jpg,2015,woody; citrus; musky; powdery; white floral; amber; fresh spicy,Neroli; Grapefruit,Olive Tree; Cedar,Musk; Guaiac Wood; Amber
Giorgio Armani,Armani Code Turquoise for Women,https://www.fragrantica.com/perfume/Giorgio-Armani/Armani-Code-Turquoise-for-Women-30323.html,https://fimgs.net/mdimg/perfume-thumbs/375x500.30323.jpg,2015,white floral; citrus; fresh; sweet; fresh spicy; fruity; musky; woody,Orange Blossom; Neroli; Pear,Orange Blossom; Ginger; Jasmine,Orange Blossom; Musk; White Woods; Vanilla
Giorgio Armani,Armani Code Ultimate,https://www.fragrantica.com/perfume/Giorgio-Armani/Armani-Code-Ultimate-15718.html,https://fimgs.net/mdimg/perfume-thumbs/375x500.15718.jpg,2012,vanilla; woody; powdery; sweet; floral; soft spicy; aromatic; anis; amber; citrus,Star Anise; Grapefruit; Mandarin Orange,Heliotrope; Olive Blossom; Cedar; Cypress,Vanilla; Tonka Bean; Guaiac Wood
Giorgio Armani,Armani Code Ultimate Femme,https://www.fragrantica.com/perfume/Giorgio-Armani/Armani-Code-Ultimate-Femme-28001.html,https://fimgs.net/mdimg/perfume-thumbs/375x500.28001.jpg,2014,white floral; citrus; vanilla; coffee; fresh; sweet; fresh spicy; warm spicy; woody; fruity,Bitter Orange; Ginger; Pear,Coffee; Orange Blossom; Jasmine Sambac,Vanilla Bean; Exotic Woods
Giorgio Armani,Armani Code for Women,https://www.fragrantica.com/perfume/Giorgio-Armani/Armani-Code-for-Women-413.html,https://fimgs.net/mdimg/perfume-thumbs/375x500.413.jpg,2006,citrus; white floral; sweet; vanilla; honey; fresh spicy; fresh; powdery; floral,Italian Orange; Jasmine; Bitter Orange,Jasmine; Orange Blossom; Ginger,Honey; Vanilla; Sandalwood
Giorgio Armani,Armani Eau Pour Homme,https://www.fragrantica.com/perfume/Giorgio-Armani/Armani-Eau-Pour-Homme-409.html,https://fimgs.net/mdimg/perfume-thumbs/375x500.409.jpg,1984,citrus; aromatic; fresh spicy; woody; earthy; mossy,Lemon; Bergamot; Mandarin Orange; Green Orange; Basil,Lavender; Nutmeg; Carnation; Jasmine; Lily; Rose; Cinnamon,Oakmoss; Vetiver; Cedar; Sandalwood; Musk; Patchouli
Giorgio Armani,Armani Eau Pour Homme (new),https://www.fragrantica.com/perfume/Giorgio-Armani/Armani-Eau-Pour-Homme-new-17230.html,https://fimgs.net/mdimg/perfume-thumbs/375x500.17230.jpg,2013,citrus; fresh spicy; woody; warm spicy; aromatic; mossy; earthy; green,Bergamot; Mandarin Orange; Basil,Cloves; Nutmeg; Lily,Oakmoss; Sandalwood; Patchouli
Giorgio Armani,Armani Eau d’Aromes,https://www.fragrantica.com/perfume/Giorgio-Armani/Armani-Eau-d-Aromes-22879.html,https://fimgs.net/mdimg/perfume-thumbs/375x500.22879.jpg,2014,citrus; aromatic; fresh spicy; woody; warm spicy; earthy; herbal; fresh; patchouli,Mandarin Orange; Bergamot,Ginger; Patchouli,Vetiver; Sage; Cardamom
Giorgio Armani,Armani Eau de Cèdre,https://www.fragrantica.com/perfume/Giorgio-Armani/Armani-Eau-de-Cedre-31401.html,https://fimgs.net/mdimg/perfume-thumbs/375x500.31401.jpg,2015,woody; aromatic; green; ozonic; citrus; warm spicy; fresh spicy; leather; musky; powdery,Sage; Bergamot; Lemon,Violet Leaf; Cardamom; Cumin,Black Tea; Cedar Essence; Suede; Woody Notes
Giorgio Armani,Armani Eau de Nuit,https://www.fragrantica.com/perfume/Giorgio-Armani/Armani-Eau-de-Nuit-17231.html,https://fimgs.net/mdimg/perfume-thumbs/375x500.17231.jpg,2013,powdery; vanilla; iris; amber; warm spicy; aromatic; woody; fresh spicy; sweet; violet,Pink Pepper; Bergamot,Iris; Cardamom; Nutmeg; Heliotrope,Tonka Bean; Amber; Cedar
Giorgio Armani,Armani Eau de Nuit Oud,https://www.fragrantica.com/perfume/Giorgio-Armani/Armani-Eau-de-Nuit-Oud-38548.html,https://fimgs.net/mdimg/perfume-thumbs/375x500.38548.jpg,2016,warm spicy; rose; oud; aromatic; fresh spicy; iris; vanilla; floral; sweet; powdery,Cardamom; Pink Pepper; Bergamot,Rose; Iris; Geranium,Agarwood (Oud); Saffron; Tonka Bean
Giorgio Armani,Armani Mania,https://www.fragrantica.com/perfume/Giorgio-Armani/Armani-Mania-415.html,https://fimgs.net/mdimg/perfume-thumbs/375x500.415.jpg,2002,woody; citrus; musky; warm spicy; aromatic; powdery; earthy; amber; metallic; green,Mandarin Orange; Saffron; Citrus Leaves,Cedar; Vetiver,Musk; Amber
Giorgio Armani,Armani Mania,https://www.fragrantica.com/perfume/Giorgio-Armani/Armani-Mania-415.html,https://fimgs.net/mdimg/perfume-thumbs/375x500.415.jpg,2004,woody; citrus; powdery; floral; soft spicy; vanilla; fresh spicy; musky; sweet; amber,Pink Pepper; Bay Leaf; Orange; Black Currant; Green Mandarin,Magnolia; Peony; Iris; Lily-of-the-Valley,Vanilla; White Sandalwood; Amber; Musk; Virginia Cedar
Giorgio Armani,Armani Privé Ambre Orient,https://www.fragrantica.com/perfume/Giorgio-Armani/Armani-Prive-Ambre-Orient-10885.html,https://fimgs.net/mdimg/perfume-thumbs/375x500.10885.jpg,2010,amber; woody; warm spicy; vanilla; powdery; soft spicy; aromatic; balsamic; cinnamon; musky,,,Amber; French labdanum; Vanille; Pink Pepper; Cinnamon; Patchouli; Thyme; Sandalwood
Giorgio Armani,Armani Privé Bleu Lazuli,https://www.fragrantica.com/perfume/Giorgio-Armani/Armani-Prive-Bleu-Lazuli-48059.html,https://fimgs.net/mdimg/perfume-thumbs/375x500.48059.jpg,2018,sweet; fruity; aromatic; warm spicy; honey; tobacco; floral; vanilla; woody; fresh spicy,Mate; Cardamom; Bergamot,Plum; Osmanthus; Jasmine,Honey; Tobacco; Vanilla; Sandalwood
Giorgio Armani,Armani Privé Bleu Turquoise,https://www.fragrantica.com/perfume/Giorgio-Armani/Armani-Prive-Bleu-Turquoise-48060.html,https://fimgs.net/mdimg/perfume-thumbs/375x500.48060.jpg,2018,woody; vanilla; salty; warm spicy; amber; balsamic; smoky; earthy; powdery; fresh spicy,Salt; Incense; Black Pepper,Ylang-Ylang; Cypriol Oil or Nagarmotha; Indian Jasmine,Vanilla; Sandalwood; Moss
Giorgio Armani,Armani Privé Charm',https://www.fragrantica.com/perfume/Giorgio-Armani/Armani-Prive-Charm-45083.html,https://fimgs.net/mdimg/perfume-thumbs/375x500.45083.jpg,2017,woody; powdery; floral; iris; musky; earthy; citrus; patchouli; smoky; green,Iris; Floral Notes; Calabrian bergamot,Green Tea; Guaiac Wood; Incense,White Musk; Patchouli; Vanilla
Giorgio Armani,Armani Prive Fil Rouge,https://www.fragrantica.com/perfume/Giorgio-Armani/Armani-Prive-Fil-Rouge-37653.html,https://fimgs.net/mdimg/perfume-thumbs/375x500.37653.jpg,2016,amber; musky; powdery; iris; aldehydic; animalic; citrus; violet; fresh; earthy,Aldehydes; Bergamot,Iris; Angelica,Ambergris; White Musk
Giorgio Armani,Armani Prive Jahwara Oriental,https://www.fragrantica.com/perfume/Giorgio-Armani/Armani-Prive-Jahwara-Oriental-70085.html,https://fimgs.net/mdimg/perfume-thumbs/375x500.70085.jpg,2021,amber; woody; warm spicy; balsamic; sweet; smoky,Spices; Incense; Myrhh; Iris,Opoponax; Labdanum; Ambroxan,Bourbon Vanilla; Amberwood; Guaiac Wood; Cedar
Giorgio Armani,Armani Prive La Femme Bleue,https://www.fragrantica.com/perfume/Giorgio-Armani/Armani-Prive-La-Femme-Bleue-12758.html,https://fimgs.net/mdimg/perfume-thumbs/375x500.12758.jpg,2011,iris; powdery; vanilla; woody; warm spicy; cacao; amber; violet; smoky; balsamic,,,Iris; Vanille; Incense; Cacao; Woodsy Notes
Giorgio Armani,Armani Prive Laque,https://www.fragrantica.com/perfume/Giorgio-Armani/Armani-Prive-Laque-55409.html,https://fimgs.net/mdimg/perfume-thumbs/375x500.55409.jpg,2019,white floral; aldehydic; woody; rose; fresh; soapy; animalic,Aldehydes,White Flowers; Rose,Oriental Woodsy notes
Giorgio Armani,Armani Privé Ombre & Lumiere,https://www.fragrantica.com/perfume/Giorgio-Armani/Armani-Prive-Ombre-Lumiere-25081.html,https://fimgs.net/mdimg/perfume-thumbs/375x500.25081.jpg,2014,white floral; iris; powdery; floral; musky; amber; citrus; violet; earthy; woody,Bergamot; Freesia,Jasmine; Iris,Ambroxan; Musk
Giorgio Armani,Armani Privé Oud Royal,https://www.fragrantica.com/perfume/Giorgio-Armani/Armani-Prive-Oud-Royal-10884.html,https://fimgs.net/mdimg/perfume-thumbs/375x500.10884.jpg,2010,amber; oud; warm spicy; woody; smoky; balsamic; powdery; rose; metallic,,,Agarwood (Oud); Incense; Sandalwood; Saffron; Amber; Rose
Giorgio Armani,Armani Privé Oud Royal Collector,https://www.fragrantica.com/perfume/Giorgio-Armani/Armani-Prive-Oud-Royal-Collector-101561.html,https://fimgs.net/mdimg/perfume-thumbs/375x500.101561.jpg,2025,amber; warm spicy; oud; balsamic; smoky,,,Myrrh; Incense; Oud; Amber; Spices
Giorgio Armani,Armani Privé Rose d'Arabie,https://www.fragrantica.com/perfume/Giorgio-Armani/Armani-Prive-Rose-d-Arabie-10886.html,https://fimgs.net/mdimg/perfume-thumbs/375x500.10886.jpg,2010,rose; patchouli; oud; woody; floral; warm spicy; earthy; vanilla; balsamic,,,Rose; Patchouli; Agarwood (Oud); Vanille
Giorgio Armani,Armani Prive Rose d'Arabie L'Or du Desert,https://www.fragrantica.com/perfume/Giorgio-Armani/Armani-Prive-Rose-d-Arabie-L-Or-du-Desert-18651.html,https://fimgs.net/mdimg/perfume-thumbs/375x500.18651.jpg,2013,rose; patchouli; woody; warm spicy; earthy; floral; balsamic,,,Damask Rose; Patchouli; Saffron; Woodsy Notes; Amber
Giorgio Armani,Armani Privé Rose d'Arabie Limited Edition 2018,https://www.fragrantica.com/perfume/Giorgio-Armani/Armani-Prive-Rose-d-Arabie-Limited-Edition-2018-51914.html,https://fimgs.net/mdimg/perfume-thumbs/375x500.51914.jpg,2018,rose; patchouli; woody; warm spicy; earthy; floral; balsamic,,,Rose; Patchouli; Agarwood (Oud); Woody Notes; Saffron; Amber
Giorgio Armani,Armani Prive Rose d'Arabie Limited Edition Swarovski,https://www.fragrantica.com/perfume/Giorgio-Armani/Armani-Prive-Rose-d-Arabie-Limited-Edition-Swarovski-29225.html,https://fimgs.net/mdimg/perfume-thumbs/375x500.29225.jpg,2014,rose; patchouli; woody; warm spicy; earthy; floral; balsamic,,,Damask Rose; Patchouli; Agarwood (Oud); Vanilla
Giorgio Armani,Armani Prive Rouge Malachite,https://www.fragrantica.com/perfume/Giorgio-Armani/Armani-Prive-Rouge-Malachite-34589.html,https://fimgs.net/mdimg/perfume-thumbs/375x500.34589.jpg,2016,white floral; amber; tuberose; animalic; soft spicy; woody; yellow floral; sweet; musky,Tuberose; Pink Pepper; Clary Sage,Tuberose; Jasmine Sambac; Ylang-Ylang; Benzoin; Cashmeran; Orange Blossom,Tuberose; Amber
Giorgio Armani,Armani Prive Vert Malachite,https://www.fragrantica.com/perfume/Giorgio-Armani/Armani-Prive-Vert-Malachite-34588.html,https://fimgs.net/mdimg/perfume-thumbs/375x500.34588.jpg,2016,white floral; vanilla; yellow floral; citrus; sweet; soft spicy; amber,Bitter Orange; Petitgrain,Jasmine Sambac; Ylang-Ylang; Pink Pepper,Lily; Vanilla; Benzoin
Giorgio Armani,Attitude Extreme,https://www.fragrantica.com/perfume/Giorgio-Armani/Attitude-Extreme-5743.html,https://fimgs.net/mdimg/perfume-thumbs/375x500.5743.jpg,2009,warm spicy; soft spicy; anis; coffee; woody; amber; citrus; aromatic; patchouli; powdery,,,Star Anise; Coffee; Amber; Cardamom; Amalfi Lemon; Patchouli; Virginia Cedar
Giorgio Armani,Blanc Kogane,https://www.fragrantica.com/perfume/Giorgio-Armani/Blanc-Kogane-88629.html,https://fimgs.net/mdimg/perfume-thumbs/375x500.88629.jpg,2024,white floral; aldehydic; musky; fresh; powdery; woody; soapy; earthy; animalic; patchouli,Aldehydes; Indian Jasmine,White Musk; Lily,Vetiver; Patchouli
Giorgio Armani,Bois d'Encens,https://www.fragrantica.com/perfume/Giorgio-Armani/Bois-d-Encens-406.html,https://fimgs.net/mdimg/perfume-thumbs/375x500.406.jpg,2004,woody; amber; warm spicy; aromatic; musky; earthy,,,Labdanum; Spices; Cedar; Vetiver
Giorgio Armani,Cedre Olympe,https://www.fragrantica.com/perfume/Giorgio-Armani/Cedre-Olympe-6062.html,https://fimgs.net/mdimg/perfume-thumbs/375x500.6062.jpg,2009,woody; citrus; aromatic; amber; green; fresh spicy; balsamic,,,Virginia Cedar; Bitter Orange; Pine; Bergamot; Resin; Petitgrain
Giorgio Armani,Cuir Amethyste,https://www.fragrantica.com/perfume/Giorgio-Armani/Cuir-Amethyste-408.html,https://fimgs.net/mdimg/perfume-thumbs/375x500.408.jpg,2005,amber; woody; violet; powdery; leather; patchouli; warm spicy; smoky; vanilla; balsamic,Coriander; Rose; Bergamot,Violet; Birch; Patchouli,Benzoin; Labdanum; Bourbon Vanilla
Giorgio Armani,Cuir Majeste,https://www.fragrantica.com/perfume/Giorgio-Armani/Cuir-Majeste-40057.html,https://fimgs.net/mdimg/perfume-thumbs/375x500.40057.jpg,2016,fruity; leather; sweet; rose; amber; smoky; tobacco; floral; oud; vanilla,Dried Fruits; Incense; Osmanthus,Leather; May Rose; Tobacco,Agarwood (Oud); Vanilla; Moss; Ambroxan
Giorgio Armani,Cuir Noir,https://www.fragrantica.com/perfume/Giorgio-Armani/Cuir-Noir-14205.html,https://fimgs.net/mdimg/perfume-thumbs/375x500.14205.jpg,2011,woody; vanilla; leather; amber; oud; powdery; warm spicy; animalic; rose; fresh spicy,,,Leather; Vanille; Agarwood (Oud); Sandalwood; Benzoin; Rose; Guaiac Wood; Nutmeg; Ambergris; Coriander
Giorgio Armani,Cuir Nu,https://www.fragrantica.com/perfume/Giorgio-Armani/Cuir-Nu-110701.html,https://fimgs.net/mdimg/perfume-thumbs/375x500.110701.jpg,2025,leather; coffee; warm spicy; amber; animalic; rose; smoky; vanilla; aromatic,Coffee; Cardamom,Leather; Damask Rose,Tonka Bean; Amber; Labdanum
Giorgio Armani,Cuir Nu Edition Murano,https://www.fragrantica.com/perfume/Giorgio-Armani/Cuir-Nu-Edition-Murano-123101.html,https://fimgs.net/mdimg/perfume-thumbs/375x500.123101.jpg,2026,amber; warm spicy; coffee; leather; animalic; rose; aromatic,Coffee; Cardamom,Leather; Damask Rose,Amber; Labdanum; Tonka Bean
Giorgio Armani,Cuir Zerzura,https://www.fragrantica.com/perfume/Giorgio-Armani/Cuir-Zerzura-62025.html,https://fimgs.net/mdimg/perfume-thumbs/375x500.62025.jpg,2020,iris; leather; woody; powdery; violet; animalic; earthy; vanilla; aromatic; ozonic,Violet Leaf; Elemi resin; Mandarin Orange,Iris; Rose,Leather; Cedar; Bourbon Vanilla
Giorgio Armani,Cyprès Pantelleria,https://www.fragrantica.com/perfume/Giorgio-Armani/Cypres-Pantelleria-66244.html,https://fimgs.net/mdimg/perfume-thumbs/375x500.66244.jpg,2021,woody; aromatic; citrus; aquatic; earthy; fresh; fresh spicy; mossy; soft spicy,Citron; Bergamot; Neroli; Mandarin Orange,Water Notes; Cypress; Clary Sage,Oakmoss; Vetiver; Amberwood; Patchouli
Giorgio Armani,Eau de Jade,https://www.fragrantica.com/perfume/Giorgio-Armani/Eau-de-Jade-403.html,https://fimgs.net/mdimg/perfume-thumbs/375x500.403.jpg,2004,citrus; fresh spicy; musky; aromatic; powdery; white floral; floral,,,Bergamot; Tunisian Neroli; Musk; Pepper
Giorgio Armani,Eclat de Jasmin,https://www.fragrantica.com/perfume/Giorgio-Armani/Eclat-de-Jasmin-1153.html,https://fimgs.net/mdimg/perfume-thumbs/375x500.1153.jpg,2007,woody; fruity; floral; white floral; citrus; aromatic; earthy; amber; patchouli; rose,Bergamot; Lemon,Jasmine; Osmanthus; Plum; Rose,Tahitian Vetiver; Labdanum; Patchouli
Giorgio Armani,Emporio Armani Because It’s You,https://www.fragrantica.com/perfume/Giorgio-Armani/Emporio-Armani-Because-It-s-You-45257.html,https://fimgs.net/mdimg/perfume-thumbs/375x500.45257.jpg,2017,fruity; sweet; rose; vanilla; citrus; powdery; musky; amber; woody; floral,Raspberry; Lemon; Neroli,Rose,Vanilla; Musk; Amberwood
Giorgio Armani,Emporio Armani City Glam for Her,https://www.fragrantica.com/perfume/Giorgio-Armani/Emporio-Armani-City-Glam-for-Her-426.html,https://fimgs.net/mdimg/perfume-thumbs/375x500.426.jpg,2005,fruity; floral; woody; rose; earthy; mossy; patchouli; musky; aromatic; soft spicy,Black Currant; Plum; Coriander,Bulgarian Rose; Floral Notes,Oakmoss; Indian Patchouli; White Musk
Giorgio Armani,Emporio Armani City Glam for Him,https://www.fragrantica.com/perfume/Giorgio-Armani/Emporio-Armani-City-Glam-for-Him-425.html,https://fimgs.net/mdimg/perfume-thumbs/375x500.425.jpg,2005,green; fresh spicy; aromatic; citrus; fresh; earthy; woody; musky; mossy; powdery,Bitter Orange; Mint,Ginger; Green Grass,Vetiver; White Musk; Oakmoss
Giorgio Armani,Emporio Armani Diamonds,https://www.fragrantica.com/perfume/Giorgio-Armani/Emporio-Armani-Diamonds-1292.html,https://fimgs.net/mdimg/perfume-thumbs/375x500.1292.jpg,2007,fruity; woody; sweet; rose; vanilla; floral; fresh; tropical; patchouli; amber,Litchi; Raspberry,Rose; Freesia; Patchouli; Cedar; Lily-of-the-Valley,Vanilla; Amber; Vetiver
Giorgio Armani,Emporio Armani Diamonds Black Carat for Her,https://www.fragrantica.com/perfume/Giorgio-Armani/Emporio-Armani-Diamonds-Black-Carat-for-Her-13070.html,https://fimgs.net/mdimg/perfume-thumbs/375x500.13070.jpg,2011,vanilla; amber; floral; rose; warm spicy; balsamic; powdery,Freesia,Rose,Benzoin; Vanilla
Giorgio Armani,Emporio Armani Diamonds Black Carat for Him,https://www.fragrantica.com/perfume/Giorgio-Armani/Emporio-Armani-Diamonds-Black-Carat-for-Him-13071.html,https://fimgs.net/mdimg/perfume-thumbs/375x500.13071.jpg,2011,woody; amber; fresh spicy; cacao; warm spicy; citrus; aromatic; earthy; herbal,Sichuan Pepper; Bergamot,Cacao; Benzoin,Guaiac Wood; Amber; Vetiver; Cedar; Oakmoss
Giorgio Armani,Emporio Armani Diamonds Club,https://www.fragrantica.com/perfume/Giorgio-Armani/Emporio-Armani-Diamonds-Club-38911.html,https://fimgs.net/mdimg/perfume-thumbs/375x500.38911.jpg,2016,citrus; aquatic; rose; patchouli; fresh; woody; warm spicy; earthy; floral; balsamic,Mandarin Orange; Water Notes,Rose,Patchouli
Giorgio Armani,Emporio Armani Diamonds Club for Him,https://www.fragrantica.com/perfume/Giorgio-Armani/Emporio-Armani-Diamonds-Club-for-Him-38912.html,https://fimgs.net/mdimg/perfume-thumbs/375x500.38912.jpg,2016,aromatic; warm spicy; aquatic; fresh spicy; fresh; lavender; floral; herbal; rose; green,Cardamom,Water Notes; Hedione; Lavender,Geranium
Giorgio Armani,Emporio Armani Diamonds Eau de Toilette,https://www.fragrantica.com/perfume/Giorgio-Armani/Emporio-Armani-Diamonds-Eau-de-Toilette-6084.html,https://fimgs.net/mdimg/perfume-thumbs/375x500.6084.jpg,2009,rose; musky; aromatic; citrus; soft spicy; woody; earthy; powdery; floral; sweet,Pink Pepper; Bergamot,Rose,Vetiver; Musk
Giorgio Armani,Emporio Armani Diamonds He Limited Edition,https://www.fragrantica.com/perfume/Giorgio-Armani/Emporio-Armani-Diamonds-He-Limited-Edition-6835.html,https://fimgs.net/mdimg/perfume-thumbs/375x500.6835.jpg,2009,woody; citrus; fresh spicy; aromatic; cacao,Citruses; Sichuan Pepper; Bergamot,Virginia Cedar; Cacao,Guaiac Wood; Vetiver
Giorgio Armani,Emporio Armani Diamonds Intense,https://www.fragrantica.com/perfume/Giorgio-Armani/Emporio-Armani-Diamonds-Intense-4619.html,https://fimgs.net/mdimg/perfume-thumbs/375x500.4619.jpg,2008,fruity; woody; rose; floral; sweet; vanilla; fresh; patchouli; earthy; tropical,Raspberry; Litchi,Rose; Freesia; Lily-of-the-Valley,Vanilla; Cedar; Patchouli; Vetiver
Giorgio Armani,Emporio Armani Diamonds Rocks,https://www.fragrantica.com/perfume/Giorgio-Armani/Emporio-Armani-Diamonds-Rocks-26163.html,https://fimgs.net/mdimg/perfume-thumbs/375x500.26163.jpg,2014,aromatic; fresh spicy; woody; marine; violet; citrus; powdery; fresh; fruity; salty,Grapefruit; Black Pepper; Apple,Sea Notes; Violet; Geranium,Guaiac Wood; Cedar; Vetiver
Giorgio Armani,Emporio Armani Diamonds Rose,https://www.fragrantica.com/perfume/Giorgio-Armani/Emporio-Armani-Diamonds-Rose-18339.html,https://fimgs.net/mdimg/perfume-thumbs/375x500.18339.jpg,2013,fruity; rose; floral; citrus; sweet; woody; aromatic; patchouli; musky; fresh spicy,Raspberry; Black Currant; Bergamot,Rose; Freesia; Lily-of-the-Valley,Ambrette (Musk Mallow); Patchouli
Giorgio Armani,Emporio Armani Diamonds Summer Fraiche for Men,https://www.fragrantica.com/perfume/Giorgio-Armani/Emporio-Armani-Diamonds-Summer-Fraiche-for-Men-15928.html,https://fimgs.net/mdimg/perfume-thumbs/375x500.15928.jpg,2012,aquatic; marine; woody; cacao; aromatic; fresh; warm spicy; salty,Watery Notes,Sea Notes,Cedar; Cacao
Giorgio Armani,Emporio Armani Diamonds Summer Fraiche for Women,https://www.fragrantica.com/perfume/Giorgio-Armani/Emporio-Armani-Diamonds-Summer-Fraiche-for-Women-15927.html,https://fimgs.net/mdimg/perfume-thumbs/375x500.15927.jpg,2012,fresh; aquatic; floral; fruity; amber; rose,Watery Notes; Green Apple,Peony,Amber
Giorgio Armani,Emporio Armani Diamonds Violet,https://www.fragrantica.com/perfume/Giorgio-Armani/Emporio-Armani-Diamonds-Violet-31240.html,https://fimgs.net/mdimg/perfume-thumbs/375x500.31240.jpg,2015,sweet; fruity; violet; powdery; fresh; vanilla; tropical; rose; patchouli; woody,Raspberry; Litchi; Passionfruit,Violet; Bulgarian Rose; Lily-of-the-Valley,Praline; Vanilla; Patchouli
Giorgio Armani,Emporio Armani Diamonds for Men,https://www.fragrantica.com/perfume/Giorgio-Armani/Emporio-Armani-Diamonds-for-Men-3793.html,https://fimgs.net/mdimg/perfume-thumbs/375x500.3793.jpg,2008,woody; cacao; citrus; fresh spicy; warm spicy; amber; aromatic; powdery,Bergamot; Guaiac Wood,Sichuan Pepper; Cedar; Vetiver,Cacao; Amber
Giorgio Armani,Emporio Armani Diamonds for Men Summer Edition,https://www.fragrantica.com/perfume/Giorgio-Armani/Emporio-Armani-Diamonds-for-Men-Summer-Edition-8440.html,https://fimgs.net/mdimg/perfume-thumbs/375x500.8440.jpg,2010,aromatic; cacao; citrus; marine; green; warm spicy; floral; woody; fresh spicy; salty,Amalfi Lemon; Mint,Sea water; Floral Notes,Cacao; Woodsy Notes
Giorgio Armani,Emporio Armani Diamonds for Women Summer Edition,https://www.fragrantica.com/perfume/Giorgio-Armani/Emporio-Armani-Diamonds-for-Women-Summer-Edition-8439.html,https://fimgs.net/mdimg/perfume-thumbs/375x500.8439.jpg,2010,fruity; rose; floral; fresh; musky; sweet; woody; tropical; amber; powdery,Litchi; Raspberry,Rose; Peony,Musk; Woodsy Notes; Amber
Giorgio Armani,Emporio Armani For Her 2008,https://www.fragrantica.com/perfume/Giorgio-Armani/Emporio-Armani-For-Her-2008-2694.html,https://fimgs.net/mdimg/perfume-thumbs/375x500.2694.jpg,2008,powdery; vanilla; woody; violet; musky; citrus; sweet; iris; floral; white floral,Bergamot; Pear; Pineapple; Mandarin Orange,Iris; Heliotrope; Jasmine; Violet,Vanilla; Musk; Cedar
Giorgio Armani,Emporio Armani For Him 2008,https://www.fragrantica.com/perfume/Giorgio-Armani/Emporio-Armani-For-Him-2008-2695.html,https://fimgs.net/mdimg/perfume-thumbs/375x500.2695.jpg,2008,aromatic; citrus; woody; musky; fresh spicy; warm spicy; powdery; green; earthy; herbal,Bergamot,Vetiver; Yuzu; Cardamom; Sage,Musk; Cedar; Tonka Bean
Giorgio Armani,Emporio Armani He,https://www.fragrantica.com/perfume/Giorgio-Armani/Emporio-Armani-He-64483.html,https://fimgs.net/mdimg/perfume-thumbs/375x500.64483.jpg,2020,aromatic; powdery; woody; citrus; musky; fresh spicy; warm spicy; iris; floral; sweet,Yuzu; Sage; Cardamom,Nutmeg; Orris Root; Rose,White Musk; Sandalwood; Vetiver; Tonka Bean
Giorgio Armani,Emporio Armani In Love With You,https://www.fragrantica.com/perfume/Giorgio-Armani/Emporio-Armani-In-Love-With-You-52801.html,https://fimgs.net/mdimg/perfume-thumbs/375x500.52801.jpg,2019,fruity; sweet; patchouli; woody; rose; cherry; warm spicy; floral; white floral; aromatic,Raspberry; Black Currant; Sour Cherry,Rose; Jasmine; Wormwood,Patchouli
Giorgio Armani,Emporio Armani In Love With You Freeze,https://www.fragrantica.com/perfume/Giorgio-Armani/Emporio-Armani-In-Love-With-You-Freeze-58809.html,https://fimgs.net/mdimg/perfume-thumbs/375x500.58809.jpg,2020,woody; patchouli; citrus; floral; fresh; earthy; white floral; cherry; sweet; warm spicy,Cherry; Mandarin Orange; Bergamot; Pear,Peony; Jasmine Sambac; Lily-of-the-Valley,Patchouli; Woody Notes; White Musk; Vetiver
Giorgio Armani,Emporio Armani Lei,https://www.fragrantica.com/perfume/Giorgio-Armani/Emporio-Armani-Lei-417.html,https://fimgs.net/mdimg/perfume-thumbs/375x500.417.jpg,1998,powdery; vanilla; woody; sweet; citrus; almond; white floral; fruity; amber; musky,Lime; Tuberose; Bergamot; Pear; Mandarin Orange; Pineapple,Heliotrope; Orris Root; Jasmine; Lily-of-the-Valley,Sandalwood; Vanilla; Musk; Almond; Tonka Bean; Cedar; Amber
Giorgio Armani,Emporio Armani Lui,https://www.fragrantica.com/perfume/Giorgio-Armani/Emporio-Armani-Lui-416.html,https://fimgs.net/mdimg/perfume-thumbs/375x500.416.jpg,1998,woody; citrus; aromatic; powdery; fresh spicy; fruity; sweet; warm spicy; musky; floral,Sage; Yuzu; Apple; Bergamot; Lemon; Pineapple; Mandarin Orange; Cardamom,Nutmeg; Orris Root; Cyclamen; Jasmine; Rose,Sandalwood; Oakmoss; Cedar; Tonka Bean; Musk; Amber
Giorgio Armani,Emporio Armani Night,https://www.fragrantica.com/perfume/Giorgio-Armani/Emporio-Armani-Night-422.html,https://fimgs.net/mdimg/perfume-thumbs/375x500.422.jpg,2003,woody; powdery; warm spicy; aromatic; citrus; vanilla; violet; musky; patchouli; sweet,Grapefruit; Mandarin Orange; Bergamot,Violet; Cardamom; Sage,Tonka Bean; Cedar; Musk; Sandalwood; Patchouli; Vanilla
Giorgio Armani,Emporio Armani Night,https://www.fragrantica.com/perfume/Giorgio-Armani/Emporio-Armani-Night-422.html,https://fimgs.net/mdimg/perfume-thumbs/375x500.422.jpg,2003,floral; fruity; woody; aromatic; fresh; fresh spicy; powdery; soft spicy; green; musky,Cranberry; Cassia; Black Currant; Hawthorn; Bergamot,Peony; Orchid; Magnolia; Freesia; Cyclamen; Jasmine; Lily-of-the-Valley,Sandalwood; White Musk; Myrtle; Patchouli
Giorgio Armani,Emporio Armani Red Pour Elle (White),https://www.fragrantica.com/perfume/Giorgio-Armani/Emporio-Armani-Red-Pour-Elle-White-2190.html,https://fimgs.net/mdimg/perfume-thumbs/375x500.2190.jpg,2007,citrus; fresh spicy; green; woody; musky; aromatic; fruity; fresh; powdery,Bergamot; Mandarin Orange; Black Currant,Ginger; Mint; Fig Leaf,Musk; White Woods
Giorgio Armani,Emporio Armani Red Pour Lui (White),https://www.fragrantica.com/perfume/Giorgio-Armani/Emporio-Armani-Red-Pour-Lui-White-2191.html,https://fimgs.net/mdimg/perfume-thumbs/375x500.2191.jpg,2007,fresh spicy; citrus; aromatic; fresh; woody,Citruses; Bergamot,Caraway; Rosemary,
Giorgio Armani,Emporio Armani She,https://www.fragrantica.com/perfume/Giorgio-Armani/Emporio-Armani-She-64482.html,https://fimgs.net/mdimg/perfume-thumbs/375x500.64482.jpg,2020,powdery; musky; almond; vanilla; amber; sweet; fruity; citrus; woody; warm spicy,Citruses; Pear,Heliotrope; Cardamom; Angelica; Jasmine,White Musk; Almond; Cedar; Vanilla; Amber
Giorgio Armani,Emporio Armani Stronger With You,https://www.fragrantica.com/perfume/Giorgio-Armani/Emporio-Armani-Stronger-With-You-45258.html,https://fimgs.net/mdimg/perfume-thumbs/375x500.45258.jpg,2017,vanilla; sweet; balsamic; nutty; aromatic; powdery; lavender; herbal; soft spicy; warm spicy,Chestnut; Sugar,Sage; Lavender,Vanilla; Smoke
Giorgio Armani,Emporio Armani Stronger With You Absolutely,https://www.fragrantica.com/perfume/Giorgio-Armani/Emporio-Armani-Stronger-With-You-Absolutely-64501.html,https://fimgs.net/mdimg/perfume-thumbs/375x500.64501.jpg,2021,vanilla; woody; balsamic; rum; aromatic; warm spicy; nutty; powdery; lavender; sweet,Rum; elemi; Bergamot,Lavender; Davana,Madagascar Vanilla; Chestnut; Cedar; Patchouli
Giorgio Armani,Emporio Armani Stronger With You Amber,https://www.fragrantica.com/perfume/Giorgio-Armani/Emporio-Armani-Stronger-With-You-Amber-79699.html,https://fimgs.net/mdimg/perfume-thumbs/375x500.79699.jpg,2023,amber; vanilla; lavender; powdery; animalic,,,Amber; Madagascar Vanilla; Lavender
Giorgio Armani,Emporio Armani Stronger With You Freeze,https://www.fragrantica.com/perfume/Giorgio-Armani/Emporio-Armani-Stronger-With-You-Freeze-58808.html,https://fimgs.net/mdimg/perfume-thumbs/375x500.58808.jpg,2020,citrus; fresh spicy; woody; aromatic; sweet; vanilla; warm spicy; fruity; fresh; amber,Lime; Ginger; Apple; Mandarin Orange,Lavender; Cardamom; Bourbon Geranium; Sage,Bourbon Vanilla; Amberwood; Marron glace; Guaiac Wood
Giorgio Armani,Emporio Armani Stronger With You Intensely,https://www.fragrantica.com/perfume/Giorgio-Armani/Emporio-Armani-Stronger-With-You-Intensely-52802.html,https://fimgs.net/mdimg/perfume-thumbs/375x500.52802.jpg,2019,vanilla; sweet; amber; cinnamon; warm spicy; powdery; aromatic; soft spicy; caramel,Pink Pepper; Juniper; Violet,Toffee; Cinnamon; Lavender; Sage,Vanilla; Amber; Tonka Bean; Suede
Giorgio Armani,Emporio Armani Stronger With You Leather,https://www.fragrantica.com/perfume/Giorgio-Armani/Emporio-Armani-Stronger-With-You-Leather-63355.html,https://fimgs.net/mdimg/perfume-thumbs/375x500.63355.jpg,2020,vanilla; leather; balsamic; warm spicy; aromatic; animalic; woody; nutty; powdery; smoky,Chestnut; Spices; elemi,Lavender; Sage,Vanilla; Leather; Guaiac Wood; Agarwood (Oud)
Giorgio Armani,Emporio Armani Stronger With You Limited Edition,https://www.fragrantica.com/perfume/Giorgio-Armani/Emporio-Armani-Stronger-With-You-Limited-Edition-79166.html,https://fimgs.net/mdimg/perfume-thumbs/375x500.79166.jpg,2023,sweet; vanilla; soft spicy; amber; nutty; aromatic; warm spicy; powdery; herbal; musky,Pink Pepper; Cardamom,Sage,Vanilla; Marron glace; Amber
Giorgio Armani,Emporio Armani Stronger With You Only,https://www.fragrantica.com/perfume/Giorgio-Armani/Emporio-Armani-Stronger-With-You-Only-71505.html,https://fimgs.net/mdimg/perfume-thumbs/375x500.71505.jpg,2022,vanilla; citrus; fresh spicy; aromatic; lavender; balsamic; amber; nutty; powdery; warm spicy,Grapefruit,Lavender; Geranium,Vanilla; Chestnut; Labdanum
Giorgio Armani,Emporio Armani Stronger With You Oud,https://www.fragrantica.com/perfume/Giorgio-Armani/Emporio-Armani-Stronger-With-You-Oud-76171.html,https://fimgs.net/mdimg/perfume-thumbs/375x500.76171.jpg,2022,oud; vanilla; lavender; fresh spicy; powdery; aromatic; sweet,,,Vanilla; Agarwood (Oud); Lavender Extract
Giorgio Armani,Emporio Armani Stronger With You Parfum,https://www.fragrantica.com/perfume/Giorgio-Armani/Emporio-Armani-Stronger-With-You-Parfum-100895.html,https://fimgs.net/mdimg/perfume-thumbs/375x500.100895.jpg,2025,vanilla; lavender; soft spicy; warm spicy; nutty; balsamic; aromatic; sweet; leather; citrus,Pink Pepper; Mandarin,Lavender; Cinnamon; Sage,Chestnut; Vanilla; Leather
Giorgio Armani,Emporio Armani Stronger With You Powerfully,https://www.fragrantica.com/perfume/Giorgio-Armani/Emporio-Armani-Stronger-With-You-Powerfully-123070.html,https://fimgs.net/mdimg/perfume-thumbs/375x500.123070.jpg,2026,warm spicy; cherry; vanilla; amber; nutty; sweet; woody; balsamic; lavender; powdery,Cherry; Mandarin Orange,Spices; Lavender,Chestnut; Vanilla; Amberwood
Giorgio Armani,Emporio Armani Stronger With You Sandalwood,https://www.fragrantica.com/perfume/Giorgio-Armani/Emporio-Armani-Stronger-With-You-Sandalwood-102519.html,https://fimgs.net/mdimg/perfume-thumbs/375x500.102519.jpg,2025,woody; warm spicy; powdery; lavender; vanilla; balsamic; aromatic; nutty,Saffron,Lavender; Chestnut,Sandalwood; Vanilla; Cedarwood
Giorgio Armani,Emporio Armani Stronger With You Spices,https://www.fragrantica.com/perfume/Giorgio-Armani/Emporio-Armani-Stronger-With-You-Spices-122057.html,https://fimgs.net/mdimg/perfume-thumbs/375x500.122057.jpg,2026,warm spicy; vanilla; fresh spicy; sweet; amber; leather; fruity; powdery; cinnamon; citrus,Black Pepper; Mandarin; Bergamot,Saffron; Cinnamon; Clove; Apricot; Lavender,Bourbon Vanilla; Chestnut; Amber; Dates; Leather
Giorgio Armani,Emporio Armani Stronger With You Tobacco,https://www.fragrantica.com/perfume/Giorgio-Armani/Emporio-Armani-Stronger-With-You-Tobacco-90333.html,https://fimgs.net/mdimg/perfume-thumbs/375x500.90333.jpg,2024,warm spicy; amber; tobacco; vanilla; sweet; aromatic; soft spicy; balsamic; fresh spicy; woody,Pink Pepper; Black Pepper; Cardamom; elemi; Sage,Tobacco; Chestnut; Cinnamon Leaf; Chili Pepper,Bourbon Vanilla; Amber; Guaiac Wood; Benzoin
Giorgio Armani,Emporio Armani White For Her,https://www.fragrantica.com/perfume/Giorgio-Armani/Emporio-Armani-White-For-Her-420.html,https://fimgs.net/mdimg/perfume-thumbs/375x500.420.jpg,2001,citrus; green; woody; fresh spicy; aromatic; musky; fruity; fresh; powdery; iris,Bergamot; Orange; Mandarin Orange; Cassia; Black Currant,Ginger; Iris; Fig Leaf; Mint; Cloves,White Musk; White Wood
Giorgio Armani,Emporio Armani White For Him,https://www.fragrantica.com/perfume/Giorgio-Armani/Emporio-Armani-White-For-Him-419.html,https://fimgs.net/mdimg/perfume-thumbs/375x500.419.jpg,2001,citrus; aromatic; fresh spicy; musky; herbal; powdery,Bergamot; Mandarin Orange; Orange; Lemon,Chamomile; Rosemary; Cardamom,Musk
Giorgio Armani,Emporio Remix for Her,https://www.fragrantica.com/perfume/Giorgio-Armani/Emporio-Remix-for-Her-916.html,https://fimgs.net/mdimg/perfume-thumbs/375x500.916.jpg,2006,floral; fruity; powdery; fresh; sweet; woody; soft spicy,Pear; Cranberry; Star Anise,Freesia; Peony; Magnolia; Clover; Heliotrope; Cloves,Musk; Sandalwood; Cedar
Giorgio Armani,Emporio Remix for Him,https://www.fragrantica.com/perfume/Giorgio-Armani/Emporio-Remix-for-Him-915.html,https://fimgs.net/mdimg/perfume-thumbs/375x500.915.jpg,2006,soft spicy; fresh spicy; aromatic; warm spicy; anis; woody; citrus; floral; powdery; green,Star Anise; Bergamot; Basil,Nutmeg; Cardamom; Lily-of-the-Valley,Vetiver; Licorice; Cloves; White Musk
Giorgio Armani,Encens Satin,https://www.fragrantica.com/perfume/Giorgio-Armani/Encens-Satin-25990.html,https://fimgs.net/mdimg/perfume-thumbs/375x500.25990.jpg,2014,amber; smoky; warm spicy; woody; balsamic,,,Incense; Amber; Woodsy Notes; Spices
Giorgio Armani,Figuier Eden,https://www.fragrantica.com/perfume/Giorgio-Armani/Figuier-Eden-14878.html,https://fimgs.net/mdimg/perfume-thumbs/375x500.14878.jpg,2012,green; fruity; citrus; fresh; sweet; woody; iris; powdery; soft spicy; fresh spicy,Bergamot; Pink Pepper; Mandarin Orange,Fig; Tea; Grass,Iris; Amber
Giorgio Armani,Gardénia Antigua,https://www.fragrantica.com/perfume/Giorgio-Armani/Gardenia-Antigua-58908.html,https://fimgs.net/mdimg/perfume-thumbs/375x500.58908.jpg,2020,white floral; musky; yellow floral; animalic; citrus; sweet; lactonic; amber; woody,Neroli; Mandarin Orange; Pink Pepper,Gardenia; Ylang-Ylang; Jasmine,White Musk; Ambergris; Patchouli
Giorgio Armani,Giò,https://www.fragrantica.com/perfume/Giorgio-Armani/Gio-418.html,https://fimgs.net/mdimg/perfume-thumbs/375x500.418.jpg,1992,white floral; warm spicy; woody; floral; amber; tuberose; powdery; citrus; animalic; green,Jasmine; Hyacinth; Sicilian Mandarin; Red Rose; Brazilian Rosewood; Bergamot; Violet,Tuberose; Gardenia; Carnation; Cloves; Peach; Orange Blossom; White Flowers; Myrrh; Ylang-Ylang; Iris; Orris Root; Cassia; Lily-of-the-Valley,Amber; Sandalwood; Styrax; Vanilla; Musk; Cedar
Giorgio Armani,Haute Couture en Jeu,https://www.fragrantica.com/perfume/Giorgio-Armani/Haute-Couture-en-Jeu-100584.html,https://fimgs.net/mdimg/perfume-thumbs/375x500.100584.jpg,2024,fresh spicy; rose; aromatic; musky; floral; herbal; citrus; powdery; green; amber,Basil; Bergamot,Damask Rose; Geranium; Iris,Ambrette; White Musk; Amber; Cedar
Giorgio Armani,Idole d'Armani,https://www.fragrantica.com/perfume/Giorgio-Armani/Idole-d-Armani-6270.html,https://fimgs.net/mdimg/perfume-thumbs/375x500.6270.jpg,2009,fruity; sweet; citrus; fresh spicy; fresh; warm spicy; woody; aromatic; earthy; honey,Ginger; Pear; Clementine; Honey; Bitter Orange; Almond; Artemisia,Saffron; Jasmine; Rose,Vetiver; Patchouli; Styrax
Giorgio Armani,Idole d'Armani Eau de Toilette,https://www.fragrantica.com/perfume/Giorgio-Armani/Idole-d-Armani-Eau-de-Toilette-8065.html,https://fimgs.net/mdimg/perfume-thumbs/375x500.8065.jpg,2010,amber; citrus; fresh spicy; fresh; white floral; patchouli; woody; warm spicy; balsamic; earthy,Ginger; Bitter Orange,Jasmine,Patchouli; Amber; Styrax
Giorgio Armani,Ikat Bleu,https://www.fragrantica.com/perfume/Giorgio-Armani/Ikat-Bleu-63629.html,https://fimgs.net/mdimg/perfume-thumbs/375x500.63629.jpg,2020,powdery; vanilla; woody; iris; musky; smoky; balsamic; amber; soft spicy; warm spicy,Pink Pepper; Bergamot,Incense; Iris; Patchouli,Black Vanilla Husk; Musk; Guaiac Wood
Giorgio Armani,Ikat Rouge,https://www.fragrantica.com/perfume/Giorgio-Armani/Ikat-Rouge-63630.html,https://fimgs.net/mdimg/perfume-thumbs/375x500.63630.jpg,2020,amber; woody; citrus; powdery; smoky; iris; balsamic; warm spicy,Bergamot; Incense; Labdanum,Iris; Patchouli,Amber; Guaiac Wood
Giorgio Armani,Indigo Tanzanite,https://www.fragrantica.com/perfume/Giorgio-Armani/Indigo-Tanzanite-71537.html,https://fimgs.net/mdimg/perfume-thumbs/375x500.71537.jpg,2022,amber; warm spicy; patchouli; woody; almond; powdery; balsamic; vanilla; lactonic; sweet,Almond; Bergamot,Heliotrope; Milk,Patchouli; Labdanum; Benzoin; Tolu Balsam
Giorgio Armani,Iris Bleu,https://www.fragrantica.com/perfume/Giorgio-Armani/Iris-Bleu-103559.html,https://fimgs.net/mdimg/perfume-thumbs/375x500.103559.jpg,2025,white floral; citrus; musky; woody; green; powdery; aromatic; floral; fresh spicy,Bergamot; Galbanum; Lemon,Iris Butter; Jasmine,White Musk; Virginia Cedar; Guaiac Wood
Giorgio Armani,Iris Celadon,https://www.fragrantica.com/perfume/Giorgio-Armani/Iris-Celadon-42886.html,https://fimgs.net/mdimg/perfume-thumbs/375x500.42886.jpg,2017,warm spicy; iris; musky; patchouli; powdery; woody; earthy; aromatic; chocolate; violet,Iris; Cardamom; Aldehydes; Bergamot,Iris; Chocolate; Mate,Patchouli; Musk; Ambrette (Musk Mallow)
Giorgio Armani,Jasmin Kusamono,https://www.fragrantica.com/perfume/Giorgio-Armani/Jasmin-Kusamono-58909.html,https://fimgs.net/mdimg/perfume-thumbs/375x500.58909.jpg,2020,white floral; fresh; woody; fruity; green,Nashi Pear; Pink Pepper,Lily-of-the-Valley; Jasmine Sambac; Orange Blossom,Sandalwood; Cedar
Giorgio Armani,La Femme Nacre,https://www.fragrantica.com/perfume/Giorgio-Armani/La-Femme-Nacre-15216.html,https://fimgs.net/mdimg/perfume-thumbs/375x500.15216.jpg,2012,iris; powdery; musky; earthy; violet; woody,,,Iris; Orris Root; Musk
Giorgio Armani,Light di Gioia,https://www.fragrantica.com/perfume/Giorgio-Armani/Light-di-Gioia-54301.html,https://fimgs.net/mdimg/perfume-thumbs/375x500.54301.jpg,2019,white floral; citrus; musky; woody; lactonic,Bergamot,Gardenia; Jasmine,White Musk; Woodsy Notes
Giorgio Armani,Lumières,https://www.fragrantica.com/perfume/Giorgio-Armani/Lumieres-118320.html,https://fimgs.net/mdimg/perfume-thumbs/375x500.118320.jpg,2025,powdery; aldehydic; musky; iris; fresh; warm spicy; violet; earthy; metallic; soapy,Aldehydes; Bergamot,Iris; Saffron,Musk; Amber
Giorgio Armani,Magenta Tanzanite,https://www.fragrantica.com/perfume/Giorgio-Armani/Magenta-Tanzanite-71536.html,https://fimgs.net/mdimg/perfume-thumbs/375x500.71536.jpg,2022,warm spicy; vanilla; sweet; tobacco; amber; cinnamon; aromatic; coffee; fresh spicy,Cardamom; Ginger; Bergamot,Cinnamon; Myrrh; Coffee,Tobacco; Vanilla; Tonka Bean
Giorgio Armani,Mania,https://www.fragrantica.com/perfume/Giorgio-Armani/Mania-423.html,https://fimgs.net/mdimg/perfume-thumbs/375x500.423.jpg,1999,warm spicy; amber; powdery; fresh spicy; woody; musky; citrus; vanilla; white floral; iris,Labdanum; Vanilla; Orange Blossom; Bergamot,Saffron; Nutmeg; Cloves; Amber,White Musk; Guaiac Wood; Vanilla; Iris
Giorgio Armani,Musc Shamal,https://www.fragrantica.com/perfume/Giorgio-Armani/Musc-Shamal-55282.html,https://fimgs.net/mdimg/perfume-thumbs/375x500.55282.jpg,2019,musky; powdery; aldehydic; fresh; rose; amber; vanilla; woody; white floral; animalic,Aldehydes; Citruses,Musk; Rose; Jasmine,Amber; Vanilla; Cedar
Giorgio Armani,My Way,https://www.fragrantica.com/perfume/Giorgio-Armani/My-Way-62036.html,https://fimgs.net/mdimg/perfume-thumbs/375x500.62036.jpg,2020,white floral; tuberose; citrus; animalic; vanilla,Orange Blossom; Bergamot,Tuberose; Indian Jasmine,Madagascar Vanilla; White Musk; Virginian Cedar
Giorgio Armani,My Way Floral,https://www.fragrantica.com/perfume/Giorgio-Armani/My-Way-Floral-73284.html,https://fimgs.net/mdimg/perfume-thumbs/375x500.73284.jpg,2022,citrus; white floral; tuberose; animalic; sweet; vanilla,Orange Blossom; Green Mandarin; Bitter Orange,Indian Tuberose; Tunisian Neroli,Bourbon Vanilla; White Musk
Giorgio Armani,My Way Hair & Body Mist,https://www.fragrantica.com/perfume/Giorgio-Armani/My-Way-Hair-Body-Mist-94401.html,https://fimgs.net/mdimg/perfume-thumbs/375x500.94401.jpg,2023,white floral; citrus; tuberose; woody; powdery; musky; animalic; fresh spicy,Bergamot; Orange Blossom,Tuberose; Jasmine,White Musk; Virginia Cedar; Madagascar Vanilla
Giorgio Armani,My Way Intense,https://www.fragrantica.com/perfume/Giorgio-Armani/My-Way-Intense-68596.html,https://fimgs.net/mdimg/perfume-thumbs/375x500.68596.jpg,2021,white floral; tuberose; citrus; vanilla; animalic; woody; powdery; sweet,Orange Blossom; Bitter Orange,Indian Tuberose; Tuberose,Madagascar Vanilla; Sandalwood
Giorgio Armani,My Way Nacre,https://www.fragrantica.com/perfume/Giorgio-Armani/My-Way-Nacre-71653.html,https://fimgs.net/mdimg/perfume-thumbs/375x500.71653.jpg,2022,white floral; citrus; tuberose; woody; powdery; animalic; musky,Orange Blossom; Bergamot,Tuberose; Jasmine,Cedar; White Musk; Vanilla
Giorgio Armani,My Way Nectar,https://www.fragrantica.com/perfume/Giorgio-Armani/My-Way-Nectar-88938.html,https://fimgs.net/mdimg/perfume-thumbs/375x500.88938.jpg,2024,white floral; citrus; sweet; tuberose; fruity; aquatic; animalic; ozonic; green; powdery,Pear; Orange Blossom; Bergamot,Tuberose; Jasmine; Violet Leaf,White Musk; Bourbon Vanilla; Cedarwood
Giorgio Armani,My Way Parfum,https://www.fragrantica.com/perfume/Giorgio-Armani/My-Way-Parfum-78561.html,https://fimgs.net/mdimg/perfume-thumbs/375x500.78561.jpg,2023,white floral; citrus; musky; tuberose; powdery; animalic; vanilla; floral; woody; sweet,Orange Blossom; Bitter Orange; Calabrian bergamot,Iris Pallida; Indian Tuberose; Ambrette (Musk Mallow),White Musk; Bourbon Vanilla; Cedar
Giorgio Armani,My Way Sunny Vanilla,https://www.fragrantica.com/perfume/Giorgio-Armani/My-Way-Sunny-Vanilla-120745.html,https://fimgs.net/mdimg/perfume-thumbs/375x500.120745.jpg,2025,white floral; tuberose; sweet; fruity; vanilla; tropical; animalic; powdery,Pineapple; Bergamot,Tuberose; Jasmine,Vanilla; Musk
Giorgio Armani,My Way Ylang,https://www.fragrantica.com/perfume/Giorgio-Armani/My-Way-Ylang-100877.html,https://fimgs.net/mdimg/perfume-thumbs/375x500.100877.jpg,2024,sweet; tropical; white floral; yellow floral; fruity; coconut; woody; vanilla; citrus; tuberose,Mango; Coconut; Orange Blossom; Bergamot,Ylang Ylang; Tuberose,Vanilla; White Musk; Cedarwood
Giorgio Armani,Myrrhe Impériale,https://www.fragrantica.com/perfume/Giorgio-Armani/Myrrhe-Imperiale-21403.html,https://fimgs.net/mdimg/perfume-thumbs/375x500.21403.jpg,2013,amber; warm spicy; vanilla; balsamic; sweet,,,Myrhh; Amber; Benzoin; Vanila; Saffron; Pink Pepper
Giorgio Armani,New York,https://www.fragrantica.com/perfume/Giorgio-Armani/New-York-46272.html,https://fimgs.net/mdimg/perfume-thumbs/375x500.46272.jpg,2017,musky; powdery; fresh; vanilla; amber; floral; aldehydic; iris; fresh spicy; woody,Aldehydes; White Pepper; Neroli Essence,Iris; White Tea; Ambrette (Musk Mallow); Peony,Vanilla; White Musk; Incense; Cashmeran
Giorgio Armani,Noir Kogane,https://www.fragrantica.com/perfume/Giorgio-Armani/Noir-Kogane-88628.html,https://fimgs.net/mdimg/perfume-thumbs/375x500.88628.jpg,2024,leather; aromatic; tobacco; woody; animalic; earthy; warm spicy; sweet; balsamic; smoky,Tobacco; Haitian Vetiver,elemi; Saffron,Leather
Giorgio Armani,Nuances,https://www.fragrantica.com/perfume/Giorgio-Armani/Nuances-18593.html,https://fimgs.net/mdimg/perfume-thumbs/375x500.18593.jpg,2013,powdery; woody; warm spicy; iris; vanilla; earthy; amber; aromatic; cinnamon; citrus,Cinnamon; Bergamot,Orris Root; Heliotrope,Sandalwood; Benzoin; Vetiver
Giorgio Armani,Ocean di Gioia,https://www.fragrantica.com/perfume/Giorgio-Armani/Ocean-di-Gioia-59809.html,https://fimgs.net/mdimg/perfume-thumbs/375x500.59809.jpg,2020,white floral; green; fresh; fruity; citrus; sweet; musky; aquatic; salty; powdery,Pear; Green Notes; Citruses,Water Jasmine; Lily-of-the-Valley; Salt; Rose,Musk; Sandalwood
Giorgio Armani,Onde Extase,https://www.fragrantica.com/perfume/Giorgio-Armani/Onde-Extase-4671.html,https://fimgs.net/mdimg/perfume-thumbs/375x500.4671.jpg,2008,yellow floral; woody; powdery; floral; white floral; green; aromatic; mossy; earthy; sweet,,,Mimosa; Narcissus; Sesame; Cedar; Jasmine; Oakmoss; Pink Pepper; Bergamot
Giorgio Armani,Onde Mystere,https://www.fragrantica.com/perfume/Giorgio-Armani/Onde-Mystere-4669.html,https://fimgs.net/mdimg/perfume-thumbs/375x500.4669.jpg,2008,amber; warm spicy; musky; powdery; rose; smoky; vanilla; balsamic,Amber; Musk; Moroccan Rose,Incense; Vanilla Absolute,Spicy Notes
Giorgio Armani,Onde Vertige,https://www.fragrantica.com/perfume/Giorgio-Armani/Onde-Vertige-4670.html,https://fimgs.net/mdimg/perfume-thumbs/375x500.4670.jpg,2008,floral; white floral; tropical; soft spicy; balsamic; patchouli; amber; warm spicy; lactonic; smoky,Jasmine; Frangipani,Licorice,Incense; Patchouli
Giorgio Armani,Orange Méditerranée,https://www.fragrantica.com/perfume/Giorgio-Armani/Orange-Mediterranee-121233.html,https://fimgs.net/mdimg/perfume-thumbs/375x500.121233.jpg,2025,citrus; fresh spicy; aromatic; fresh; rose,,,Bitter Orange; Citron; Pelargonium; Tea; Lemon Peel; Bergamot; Fennel; Bay Leaf; Geranium
Giorgio Armani,Oranger Alhambra,https://www.fragrantica.com/perfume/Giorgio-Armani/Oranger-Alhambra-4036.html,https://fimgs.net/mdimg/perfume-thumbs/375x500.4036.jpg,2008,citrus; aromatic; fresh spicy; woody; mossy; white floral; herbal; earthy,Petitgrain; Bitter Orange; Lemon; Bergamot,Jasmine; Marjoram; Rosemary,Oakmoss; Patchouli
Giorgio Armani,Orangerie Venise,https://www.fragrantica.com/perfume/Giorgio-Armani/Orangerie-Venise-55756.html,https://fimgs.net/mdimg/perfume-thumbs/375x500.55756.jpg,2019,citrus; fresh; aromatic; fresh spicy; woody,Bitter Orange; Citruses; Bergamot,Neroli; Buchu or Agathosma,Ambroxan; Cedar; Moss
Giorgio Armani,Oud Nacré,https://www.fragrantica.com/perfume/Giorgio-Armani/Oud-Nacre-121389.html,https://fimgs.net/mdimg/perfume-thumbs/375x500.121389.jpg,2025,warm spicy; woody; white floral; oud; patchouli; amber; metallic; earthy; leather; musky,Saffron; Jasmine,Oud; Patchouli,Vanillin; Sandal; Ambroxan
Giorgio Armani,Pierre de Lune,https://www.fragrantica.com/perfume/Giorgio-Armani/Pierre-de-Lune-404.html,https://fimgs.net/mdimg/perfume-thumbs/375x500.404.jpg,2004,violet; woody; powdery; iris; earthy; aromatic; fruity; fresh; green; soft spicy,,,Violet; Iris; Woodsy Notes; Cassia
Giorgio Armani,Pivoine Suzhou,https://www.fragrantica.com/perfume/Giorgio-Armani/Pivoine-Suzhou-29301.html,https://fimgs.net/mdimg/perfume-thumbs/375x500.29301.jpg,2014,rose; floral; fruity; fresh; sweet; musky; citrus; soft spicy; powdery,Raspberry; Pink Pepper; Mandarin Orange,Peony; May Rose; Rose,Musk; Amber; Patchouli
Giorgio Armani,Pivoine Suzhou Soie de Nacre,https://www.fragrantica.com/perfume/Giorgio-Armani/Pivoine-Suzhou-Soie-de-Nacre-41617.html,https://fimgs.net/mdimg/perfume-thumbs/375x500.41617.jpg,2016,rose; floral; fresh; fruity; sweet; musky; citrus; amber; soft spicy; powdery,Raspberry; Pink Pepper; Mandarin Orange,Peony; May Rose; Rose,Musk; Amber; Patchouli
Giorgio Armani,Power Of You,https://www.fragrantica.com/perfume/Giorgio-Armani/Power-Of-You-121870.html,https://fimgs.net/mdimg/perfume-thumbs/375x500.121870.jpg,2026,tropical; vanilla; sweet; fruity; citrus; fresh; floral; powdery; amber,Passionfruit; Bitter Orange; Lemon,Frangipani; Solar Notes,Madagascar Vanilla; Benzoin; Labdanum
Giorgio Armani,Rondò Armaniano,https://www.fragrantica.com/perfume/Giorgio-Armani/Rondo-Armaniano-87438.html,https://fimgs.net/mdimg/perfume-thumbs/375x500.87438.jpg,2023,woody; powdery; musky; lavender; warm spicy; patchouli; aromatic; iris; earthy; vanilla,Lavender,Sage; Rose,Sandalwood; Patchouli; Musk; Iris; Vanilla
Giorgio Armani,Rose Alexandrie,https://www.fragrantica.com/perfume/Giorgio-Armani/Rose-Alexandrie-2699.html,https://fimgs.net/mdimg/perfume-thumbs/375x500.2699.jpg,2008,citrus; rose; floral; yellow floral; white floral; fresh spicy; powdery; green,,,Neroli; Rose; Mimosa; Mandarin Orange; Bergamot
Giorgio Armani,Rose Milano,https://www.fragrantica.com/perfume/Giorgio-Armani/Rose-Milano-58911.html,https://fimgs.net/mdimg/perfume-thumbs/375x500.58911.jpg,2020,rose; citrus; earthy; mossy; woody; floral; patchouli; fruity; white floral; fresh,Pear; Bergamot; Lemon,Rose; Jasmine,Moss; Patchouli
Giorgio Armani,Rose Milano Soie de Nacre,https://www.fragrantica.com/perfume/Giorgio-Armani/Rose-Milano-Soie-de-Nacre-79083.html,https://fimgs.net/mdimg/perfume-thumbs/375x500.79083.jpg,2023,citrus; rose; white floral; earthy; mossy; woody; floral; patchouli; aromatic; fresh spicy,Lemon; Bergamot,Damask Rose; Jasmine,Oakmoss; Patchouli
Giorgio Armani,Rose d'Artiste,https://www.fragrantica.com/perfume/Giorgio-Armani/Rose-d-Artiste-50389.html,https://fimgs.net/mdimg/perfume-thumbs/375x500.50389.jpg,2018,amber; violet; powdery; iris; citrus; white floral; musky; earthy; balsamic; woody,Orange Blossom; Bergamot,Iris; Violet; Incense,Ambroxan; Myrhh
Giorgio Armani,Rouge Malachite Limited Edition L'Or de Russie,https://www.fragrantica.com/perfume/Giorgio-Armani/Rouge-Malachite-Limited-Edition-L-Or-de-Russie-47404.html,https://fimgs.net/mdimg/perfume-thumbs/375x500.47404.jpg,2017,white floral; amber; tuberose; animalic; soft spicy; sweet; woody; yellow floral; musky,Tuberose; Pink Pepper; Clary Sage,Tuberose; Orange Blossom; Ylang-Ylang; Jasmine Sambac; Cashmeran; Benzoin,Tuberose; Amber
Giorgio Armani,Sable Fume,https://www.fragrantica.com/perfume/Giorgio-Armani/Sable-Fume-31211.html,https://fimgs.net/mdimg/perfume-thumbs/375x500.31211.jpg,2015,amber; balsamic; musky; iris; smoky; powdery; warm spicy,,,Resins; Incense; Ambroxan; Orris; Suede; Benzoin
Giorgio Armani,Sable Nuit,https://www.fragrantica.com/perfume/Giorgio-Armani/Sable-Nuit-64787.html,https://fimgs.net/mdimg/perfume-thumbs/375x500.64787.jpg,2021,amber; woody; warm spicy; vanilla; soft spicy; musky; balsamic; fresh spicy,Olibanum; Pink Pepper,Cedar; Benzoin; Labdanum; Patchouli,Olibanum; Vanilla; Ambroxan
Giorgio Armani,Sable Or,https://www.fragrantica.com/perfume/Giorgio-Armani/Sable-Or-31210.html,https://fimgs.net/mdimg/perfume-thumbs/375x500.31210.jpg,2015,powdery; vanilla; warm spicy; woody; amber; iris; violet; cacao; sweet; balsamic,,,Tuscan Iris; Sandalwood; Tonka Bean; Vanilla; Cacao; Benzoin; Violet
Giorgio Armani,Santal Dan Sha,https://www.fragrantica.com/perfume/Giorgio-Armani/Santal-Dan-Sha-78477.html,https://fimgs.net/mdimg/perfume-thumbs/375x500.78477.jpg,2022,woody; warm spicy; aromatic; powdery; fresh spicy; balsamic; citrus; amber; ozonic; musky,Guatemalan Cardamom; Calabrian bergamot; Violet Leaf,elemi; Olibanum; Musk,Sandalwood; Virginia Cedar; Dreamwood
Giorgio Armani,Sensi,https://www.fragrantica.com/perfume/Giorgio-Armani/Sensi-557.html,https://fimgs.net/mdimg/perfume-thumbs/375x500.557.jpg,2002,white floral; sweet; almond; nutty; amber; woody; fruity; citrus; balsamic; warm spicy,Black locust; Lime,Almond; Wheat; Jasmine,Benzoin; Brazilian Rosewood
Giorgio Armani,Sensi Jewel,https://www.fragrantica.com/perfume/Giorgio-Armani/Sensi-Jewel-2704.html,https://fimgs.net/mdimg/perfume-thumbs/375x500.2704.jpg,2004,amber; white floral; yellow floral; citrus; sweet; woody; balsamic; floral; powdery; warm spicy,Mimosa,Jasmine; Orange,Benzoin; Brazilian Rosewood
Giorgio Armani,Sensi White Notes,https://www.fragrantica.com/perfume/Giorgio-Armani/Sensi-White-Notes-424.html,https://fimgs.net/mdimg/perfume-thumbs/375x500.424.jpg,2004,floral; citrus; white floral; woody; green; fruity; aromatic; soft spicy; fresh; amber,Lime; Lemon; Black Currant; Mandarin Orange; Cassia,Freesia; Water Hyacinth; Lily; Lily-of-the-Valley; Jasmine; Rose,Benzoin; Brazilian Rosewood; Mahogany
Giorgio Armani,Si,https://www.fragrantica.com/perfume/Giorgio-Armani/Si-18453.html,https://fimgs.net/mdimg/perfume-thumbs/375x500.18453.jpg,2013,woody; vanilla; aromatic; soft spicy; fruity; green; floral; rose; patchouli; earthy,Cassis,May Rose; Freesia,Vanilla; Patchouli; Woody Notes; Ambroxan
Giorgio Armani,Si Eau de Parfum Intense,https://www.fragrantica.com/perfume/Giorgio-Armani/Si-Eau-de-Parfum-Intense-83977.html,https://fimgs.net/mdimg/perfume-thumbs/375x500.83977.jpg,2023,fruity; vanilla; rose; green; floral; soft spicy; aromatic; powdery; woody; sweet,Black Currant,May Rose; Davana,Bourbon Vanilla; Vanilla; Black Tea
Giorgio Armani,Si Eau de Toilette,https://www.fragrantica.com/perfume/Giorgio-Armani/Si-Eau-de-Toilette-29337.html,https://fimgs.net/mdimg/perfume-thumbs/375x500.29337.jpg,2015,fruity; floral; sweet; woody; citrus; rose; soft spicy; vanilla; musky,Black Currant; Pear; Mandarin Orange; Neroli; Bergamot,Freesia; May Rose; Strawberry; Mango; Jasmine; Osmanthus,Vanilla; Musk; Patchouli; Woody Notes; Amber
Giorgio Armani,Si Edition Limitée Eau de Parfum,https://www.fragrantica.com/perfume/Giorgio-Armani/Si-Edition-Limitee-Eau-de-Parfum-62847.html,https://fimgs.net/mdimg/perfume-thumbs/375x500.62847.jpg,2020,woody; floral; aromatic; soft spicy; green; fruity; amber; patchouli; rose; vanilla,Currant buds,Freesia; Rose,Woody Notes; Vanilla; Patchouli; Ambroxan
Giorgio Armani,Sì Fiori,https://www.fragrantica.com/perfume/Giorgio-Armani/Si-Fiori-53243.html,https://fimgs.net/mdimg/perfume-thumbs/375x500.53243.jpg,2019,vanilla; fruity; citrus; powdery; rose; musky; floral; woody; soft spicy; white floral,Black Currant; Green Mandarin,Neroli; Rose; Patchouli; Oakmoss,Vanilla; White Musk
Giorgio Armani,Si Golden Bow,https://www.fragrantica.com/perfume/Giorgio-Armani/Si-Golden-Bow-32065.html,https://fimgs.net/mdimg/perfume-thumbs/375x500.32065.jpg,2015,woody; citrus; fruity; vanilla; white floral; rose; floral; powdery; amber; patchouli,Blackcurrant Syrup; Sicilian Bergamot; Mandarin Orange,Rose; Egyptian Jasmine; Neroli,Vanilla; Patchouli; Amber; White Woods; Musk
Giorgio Armani,Si Hair Mist,https://www.fragrantica.com/perfume/Giorgio-Armani/Si-Hair-Mist-45318.html,https://fimgs.net/mdimg/perfume-thumbs/375x500.45318.jpg,2017,fruity; woody; floral; soft spicy; vanilla; aromatic; rose; amber; green; patchouli,Blackcurrant Syrup; Cassis,May Rose; Freesia,Vanilla; Ambroxan; Patchouli; White Wood
Giorgio Armani,Si Huile de Parfum,https://www.fragrantica.com/perfume/Giorgio-Armani/Si-Huile-de-Parfum-32475.html,https://fimgs.net/mdimg/perfume-thumbs/375x500.32475.jpg,2015,woody; floral; rose; aromatic; soft spicy; amber; green; fruity; vanilla; patchouli,Cassis,May Rose; Freesia,Ambroxan; Woody Notes; Vanilla; Patchouli
Giorgio Armani,Sì Intense 2021,https://www.fragrantica.com/perfume/Giorgio-Armani/Si-Intense-2021-64853.html,https://fimgs.net/mdimg/perfume-thumbs/375x500.64853.jpg,2021,fruity; amber; warm spicy; rose; woody; patchouli; floral; balsamic; green; aromatic,Blackcurrant Syrup,Turkish Rose; Davana,Benzoin; Patchouli
Giorgio Armani,Sì Intense,https://www.fragrantica.com/perfume/Giorgio-Armani/Si-Intense-25947.html,https://fimgs.net/mdimg/perfume-thumbs/375x500.25947.jpg,2014,fruity; woody; floral; aromatic; soft spicy; green; vanilla; citrus; patchouli; rose,Black Currant; Cassis; Freesia; Mandarin Orange; Bergamot,May Rose; Osmanthus; Neroli; Artemisia,Vanilla; Patchouli; Woody Notes; Ambroxan
Giorgio Armani,Si Intense Night Light,https://www.fragrantica.com/perfume/Giorgio-Armani/Si-Intense-Night-Light-41841.html,https://fimgs.net/mdimg/perfume-thumbs/375x500.41841.jpg,2016,fruity; floral; citrus; woody; green; fresh spicy; aromatic; vanilla; rose; amber,Black Currant; Black currant leaf; Mandarin Orange; Freesia; Bergamot,Rose; Osmanthus; Neroli; Artemisia,Vanilla; Ambroxan; Patchouli; Woody Notes
Giorgio Armani,Si Le Parfum,https://www.fragrantica.com/perfume/Giorgio-Armani/Si-Le-Parfum-39479.html,https://fimgs.net/mdimg/perfume-thumbs/375x500.39479.jpg,2016,amber; fruity; warm spicy; vanilla; balsamic; woody; patchouli; floral; smoky; soft spicy,Black Currant; Bergamot,Incense; Osmanthus; Jasmine,Amber; Benzoin; Vanilla; Patchouli Leaf
Giorgio Armani,Si Nacre Edition 2019,https://www.fragrantica.com/perfume/Giorgio-Armani/Si-Nacre-Edition-2019-57030.html,https://fimgs.net/mdimg/perfume-thumbs/375x500.57030.jpg,2019,fruity; aromatic; floral; soft spicy; green; woody; rose,Cassis; Blackcurrant Syrup; Fruits,May Rose; Freesia,White Woods; Musk
Giorgio Armani,Si Nacre Edition,https://www.fragrantica.com/perfume/Giorgio-Armani/Si-Nacre-Edition-51913.html,https://fimgs.net/mdimg/perfume-thumbs/375x500.51913.jpg,2018,floral; rose; fruity; woody; patchouli; earthy; mossy; soft spicy; warm spicy,Black Currant,May Rose; Freesia,Patchouli; Oakmoss
Giorgio Armani,Si Night Light,https://www.fragrantica.com/perfume/Giorgio-Armani/Si-Night-Light-41840.html,https://fimgs.net/mdimg/perfume-thumbs/375x500.41840.jpg,2016,vanilla; fruity; floral; woody; amber; rose; green; soft spicy; musky; aromatic,Black Currant; Black currant leaf,Rose; Freesia,Vanilla; Ambroxan; Woody Notes; Patchouli
Giorgio Armani,Sì Nude Bloom,https://www.fragrantica.com/perfume/Giorgio-Armani/Si-Nude-Bloom-126543.html,https://fimgs.net/mdimg/perfume-thumbs/375x500.126543.jpg,2026,citrus; rose; fresh spicy; fruity; floral; woody; aromatic; patchouli; warm spicy; vanilla,Blackcurrant; Bergamot; Black Pepper; Lemon; Citrus,May Rose,Patchouli; Vanilla
Giorgio Armani,Sì Parfum,https://www.fragrantica.com/perfume/Giorgio-Armani/Si-Parfum-112375.html,https://fimgs.net/mdimg/perfume-thumbs/375x500.112375.jpg,2025,fruity; leather; vanilla; rose; warm spicy; woody; animalic; patchouli; floral; soft spicy,Blackcurrant; Saffron; Nectar,Damask Rose,Vanilla; Leather; Patchouli
Giorgio Armani,Sì Passione,https://www.fragrantica.com/perfume/Giorgio-Armani/Si-Passione-48002.html,https://fimgs.net/mdimg/perfume-thumbs/375x500.48002.jpg,2017,fruity; sweet; woody; vanilla; rose; soft spicy; floral; fresh; powdery; citrus,Pear; Black Currant; Pink Pepper; Grapefruit,Pineapple; Rose; Jasmine; Heliotrope,Vanilla; Cedar; Patchouli; Amberwood
Giorgio Armani,Si Passione Eau de Parfum Collector Edition,https://www.fragrantica.com/perfume/Giorgio-Armani/Si-Passione-Eau-de-Parfum-Collector-Edition-69619.html,https://fimgs.net/mdimg/perfume-thumbs/375x500.69619.jpg,2021,fruity; vanilla; rose; soft spicy; sweet; woody; floral; powdery; white floral,Black Currant; Pink Pepper; Pear; Grapefruit,Rose; Pineapple; Heliotrope; Jasmine,Vanilla; Cedar; Amberwood; Patchouli
Giorgio Armani,Si Passione Eclat De Parfum,https://www.fragrantica.com/perfume/Giorgio-Armani/Si-Passione-Eclat-De-Parfum-71535.html,https://fimgs.net/mdimg/perfume-thumbs/375x500.71535.jpg,2022,rose; fruity; musky; floral; citrus; powdery; soft spicy; vanilla; fresh spicy; aromatic,Black Currant; Calabrian bergamot,May Rose; Damask Rose,White Musk; Madagascar Vanilla
Giorgio Armani,Sì Passione Intense (2024),https://www.fragrantica.com/perfume/Giorgio-Armani/Si-Passione-Intense-2024-96186.html,https://fimgs.net/mdimg/perfume-thumbs/375x500.96186.jpg,2024,fruity; woody; vanilla; white floral; powdery; sweet; floral; soft spicy; aromatic; citrus,Blackcurrant; Pear; Bergamot,Jasmine,Vanilla; Sandalwood
Giorgio Armani,Sì Passione Intense,https://www.fragrantica.com/perfume/Giorgio-Armani/Si-Passione-Intense-58737.html,https://fimgs.net/mdimg/perfume-thumbs/375x500.58737.jpg,2020,woody; fruity; musky; powdery; white floral; patchouli; soft spicy; vanilla; floral; animalic,Blackcurrant Syrup,Jasmine,White Musk; Cedar; Patchouli; Vanilla
Giorgio Armani,Sì Passione Laser Limited Edition,https://www.fragrantica.com/perfume/Giorgio-Armani/Si-Passione-Laser-Limited-Edition-76693.html,https://fimgs.net/mdimg/perfume-thumbs/375x500.76693.jpg,2022,fruity; woody; vanilla; sweet; rose; soft spicy; floral; powdery; patchouli; white floral,Black Currant; Pear; Pink Pepper; Grapefruit,Rose; Jasmine; Pineapple; Heliotrope,Vanilla; Cedar; Patchouli; Amberwood
Giorgio Armani,Sì Passione Limited Edition 2019,https://www.fragrantica.com/perfume/Giorgio-Armani/Si-Passione-Limited-Edition-2019-58272.html,https://fimgs.net/mdimg/perfume-thumbs/375x500.58272.jpg,2019,woody; rose; floral; vanilla; soft spicy; aromatic; green; fruity; amber; earthy,Currant buds,Rose; Freesia,Vanilla; Woodsy Notes; Ambroxan; Patchouli
Giorgio Armani,Sì Passione Limited Edition,https://www.fragrantica.com/perfume/Giorgio-Armani/Si-Passione-Limited-Edition-51615.html,https://fimgs.net/mdimg/perfume-thumbs/375x500.51615.jpg,2018,fruity; sweet; vanilla; woody; powdery; soft spicy; floral; white floral; citrus; rose,Black Currant; Pear; Grapefruit; Pink Pepper,Pineapple; Jasmine; Rose; Heliotrope,Vanilla; Cedar; Amberwood; Patchouli
Giorgio Armani,Sì Passione Red Bloom,https://www.fragrantica.com/perfume/Giorgio-Armani/Si-Passione-Red-Bloom-126542.html,https://fimgs.net/mdimg/perfume-thumbs/375x500.126542.jpg,2026,fruity; rose; sweet; woody; powdery; floral; citrus; amber; musky; vanilla,Raspberry; Blackcurrant; Bergamot,Rose Petals; Rose; Iris Pallida,Cashmeran; Bourbon Vanilla; Amberwood
Giorgio Armani,Sì Passione Red Maestro,https://www.fragrantica.com/perfume/Giorgio-Armani/Si-Passione-Red-Maestro-56984.html,https://fimgs.net/mdimg/perfume-thumbs/375x500.56984.jpg,2019,musky; fruity; soft spicy; vanilla; powdery; white floral; sweet; aldehydic; floral; animalic,Black Currant; Pink Pepper,Solar Notes; Jasmine,Musk; Vanilla
Giorgio Armani,Si Passione Red Musk,https://www.fragrantica.com/perfume/Giorgio-Armani/Si-Passione-Red-Musk-103518.html,https://fimgs.net/mdimg/perfume-thumbs/375x500.103518.jpg,2025,fruity; sweet; musky; powdery; rose; vanilla; lactonic,Strawberry; Musk,Rose; Milk,Musk; Vanilla
Giorgio Armani,Si Rose Signature,https://www.fragrantica.com/perfume/Giorgio-Armani/Si-Rose-Signature-35248.html,https://fimgs.net/mdimg/perfume-thumbs/375x500.35248.jpg,2016,floral; rose; fruity; citrus; vanilla; woody; soft spicy; powdery; iris; patchouli,,,Rose de Mai; Damask Rose; Black Currant; Vanilla; Freesia; Mandarin Orange; Iris; Patchouli; Osmanthus; Bergamot; Ambrette (Musk Mallow); Amber
Giorgio Armani,Si Rose Signature II Eau de Parfum,https://www.fragrantica.com/perfume/Giorgio-Armani/Si-Rose-Signature-II-Eau-de-Parfum-43453.html,https://fimgs.net/mdimg/perfume-thumbs/375x500.43453.jpg,2017,floral; rose; fruity; citrus; vanilla; woody; soft spicy; powdery; iris; patchouli,Black Currant; Freesia; Mandarin Orange; Bergamot,Turkish Rose; May Rose; Iris; Osmanthus,Vanilla; Patchouli; Ambrette (Musk Mallow)
Giorgio Armani,Si Sono Io,https://www.fragrantica.com/perfume/Giorgio-Armani/Si-Sono-Io-47190.html,https://fimgs.net/mdimg/perfume-thumbs/375x500.47190.jpg,2017,vanilla; woody; soft spicy; aromatic; rose; floral; fruity; green; amber; patchouli,Cassis,Rose; Freesia,Vanilla; Amber; Patchouli; Woody Notes
Giorgio Armani,Si White,https://www.fragrantica.com/perfume/Giorgio-Armani/Si-White-28129.html,https://fimgs.net/mdimg/perfume-thumbs/375x500.28129.jpg,2014,fruity; vanilla; floral; woody; rose; soft spicy; amber; patchouli; powdery; musky,Blackcurrant Syrup,Rose; Freesia,Vanilla; Ambroxan; Patchouli; Woodsy Notes
Giorgio Armani,Sky di Gioia,https://www.fragrantica.com/perfume/Giorgio-Armani/Sky-di-Gioia-43587.html,https://fimgs.net/mdimg/perfume-thumbs/375x500.43587.jpg,2016,fruity; fresh; rose; floral; tropical; sweet; musky; aquatic,Litchi; Pear,Pink Peony; Rose,White Musk; Blackberry; Cedar
Giorgio Armani,Summer Mania Eau Fraiche pour Femme,https://www.fragrantica.com/perfume/Giorgio-Armani/Summer-Mania-Eau-Fraiche-pour-Femme-928.html,https://fimgs.net/mdimg/perfume-thumbs/375x500.928.jpg,2007,musky; powdery; amber; woody; white floral; fruity; sweet; animalic; warm spicy; fresh,Pear,Jasmine,White Musk; Amber; Sandalwood
Giorgio Armani,Summer Mania Eau Fraiche pour Homme,https://www.fragrantica.com/perfume/Giorgio-Armani/Summer-Mania-Eau-Fraiche-pour-Homme-929.html,https://fimgs.net/mdimg/perfume-thumbs/375x500.929.jpg,2007,citrus; musky; warm spicy; fresh; metallic; powdery; leather,Citruses,Saffron,Musk
Giorgio Armani,Summer Mania Femme,https://www.fragrantica.com/perfume/Giorgio-Armani/Summer-Mania-Femme-2705.html,https://fimgs.net/mdimg/perfume-thumbs/375x500.2705.jpg,2006,floral; fruity; fresh; white floral; rose; citrus; woody; green; ozonic; sweet,Black Currant; Violet Leaf; Mandarin Orange; Orange; Cassia; Pear,Peony; Jasmine; Rose; Lily-of-the-Valley; Hawthorn,Sandalwood; Amber; White Musk
Giorgio Armani,Summer Mania Homme,https://www.fragrantica.com/perfume/Giorgio-Armani/Summer-Mania-Homme-2706.html,https://fimgs.net/mdimg/perfume-thumbs/375x500.2706.jpg,2006,citrus; musky; powdery; woody; amber; warm spicy; fresh spicy; metallic,Sicilian Mandarin; Bergamot,Saffron,Musk; Amber; Cedar
Giorgio Armani,Sun di Gioia,https://www.fragrantica.com/perfume/Giorgio-Armani/Sun-di-Gioia-36600.html,https://fimgs.net/mdimg/perfume-thumbs/375x500.36600.jpg,2016,floral; amber; vanilla; tropical; yellow floral; citrus; sweet; powdery; lactonic; musky,Freesia; Bergamot,Frangipani; Ylang-Ylang; Jasmine Sambac,Vanilla; Ambroxan; Benzoin; Iris
Giorgio Armani,Terra di Gioia,https://www.fragrantica.com/perfume/Giorgio-Armani/Terra-di-Gioia-66409.html,https://fimgs.net/mdimg/perfume-thumbs/375x500.66409.jpg,2021,floral; sweet; amber; woody; white floral; musky; fruity; citrus; almond; powdery,Pear; Mandarin Orange; Bergamot,Almond Blossom; Jasmine,Amberwood; Musk
Giorgio Armani,Thé Yulong,https://www.fragrantica.com/perfume/Giorgio-Armani/The-Yulong-58907.html,https://fimgs.net/mdimg/perfume-thumbs/375x500.58907.jpg,2020,citrus; green; white floral; aromatic; woody; fresh; earthy; floral; iris; musky,Mandarin Orange; Petitgrain; Cardamom,Green Tea; Black Tea; Orange Blossom; Jasmine,Vetiver; Ambrette (Musk Mallow); Iris
Giorgio Armani,Thé Yulong Eau de Toilette Edition Limitée,https://www.fragrantica.com/perfume/Giorgio-Armani/The-Yulong-Eau-de-Toilette-Edition-Limitee-96936.html,https://fimgs.net/mdimg/perfume-thumbs/375x500.96936.jpg,2024,citrus; green; aromatic; woody; fresh spicy; fresh; white floral; musky; floral,Lime; Green Mandarin; Petitgrain,Black Tea; Green Tea; Mate; Jasmine; Orange Blossom,Guaiac Wood; Ambrette; Iris
Giorgio Armani,Thé Yulong Soie de Nacre,https://www.fragrantica.com/perfume/Giorgio-Armani/The-Yulong-Soie-de-Nacre-70817.html,https://fimgs.net/mdimg/perfume-thumbs/375x500.70817.jpg,2021,citrus; green; white floral; aromatic; woody; earthy; iris; floral; musky; fresh,Petitgrain; Mandarin Orange; Cardamom,Green Tea; Black Tea; Orange Blossom; Jasmine,Vetiver; Ambrette (Musk Mallow); Iris
Giorgio Armani,Vétiver d'Hiver (Vetiver Babylone),https://www.fragrantica.com/perfume/Giorgio-Armani/Vetiver-d-Hiver-Vetiver-Babylone-2698.html,https://fimgs.net/mdimg/perfume-thumbs/375x500.2698.jpg,2008,citrus; aromatic; woody; earthy; fresh spicy,Bergamot; Lemon; Mandarin Orange,Pink Pepper; Cardamom; Coriander,Vetiver; Patchouli
